,From ,Godown location,Consignee Location,from_placeid,consignee_loc_place_id,godown_location_place_id
0,Dhanbad,Bhutgaria ,Dhanbad(JH),ChIJbfzMBAij9jkR52T3hRseFfo,ChIJbfzMBAij9jkR52T3hRseFfo,ChIJsSJTTpTH9jkR8OjdlWqBPGk
1,Dhanbad,Bhutgaria ,Hazaribagh,ChIJbfzMBAij9jkR52T3hRseFfo,ChIJj1QmTxGc9DkRH5Zhu2joRb0,ChIJsSJTTpTH9jkR8OjdlWqBPGk
2,Dhanbad,Bhutgaria ,BHUDA,ChIJbfzMBAij9jkR52T3hRseFfo,ChIJY7Hbte-89jkRB1aoPIlUY0A,ChIJsSJTTpTH9jkR8OjdlWqBPGk
3,Dhanbad,Bhutgaria ,JC MALLICK ROAD,ChIJbfzMBAij9jkR52T3hRseFfo,ChIJX9vDq5G89jkRET6KmT8KZUw,ChIJsSJTTpTH9jkR8OjdlWqBPGk
4,Dhanbad,Bhutgaria ,BISHANPUR,ChIJbfzMBAij9jkR52T3hRseFfo,ChIJl4Y2ZIq87TkRE0sDTKXBpYg,ChIJsSJTTpTH9jkR8OjdlWqBPGk
5,Dhanbad,Bhutgaria ,HIRAPUR,ChIJbfzMBAij9jkR52T3hRseFfo,ChIJtx4svZa89jkRwSaM-WwY9ZE,ChIJsSJTTpTH9jkR8OjdlWqBPGk
6,Dhanbad,Bhutgaria ,WASEYPUR,ChIJbfzMBAij9jkR52T3hRseFfo,ChIJTfahTEij9jkRob04U1lsGLo,ChIJsSJTTpTH9jkR8OjdlWqBPGk
7,Dhanbad,Bhutgaria ,BHULI,ChIJbfzMBAij9jkR52T3hRseFfo,ChIJ7VmF_9289jkRNH1DPwKhRcE,ChIJsSJTTpTH9jkR8OjdlWqBPGk
8,Dhanbad,Bhutgaria ,STEEL GATE,ChIJbfzMBAij9jkR52T3hRseFfo,ChIJ65dOXH689jkRp9O5yPi9Dpc,ChIJsSJTTpTH9jkR8OjdlWqBPGk
9,Dhanbad,Bhutgaria ,Bhuifore,ChIJbfzMBAij9jkR52T3hRseFfo,ChIJf2l_ivO79jkR86m_xSpMWYc,ChIJsSJTTpTH9jkR8OjdlWqBPGk
10,Dhanbad,Bhutgaria ,BABUDIH,ChIJbfzMBAij9jkR52T3hRseFfo,ChIJw_u6r8kf9DkRRL-kvtLkt2U,ChIJsSJTTpTH9jkR8OjdlWqBPGk
11,Dhanbad,Bhutgaria ,DHANSAR,ChIJbfzMBAij9jkR52T3hRseFfo,ChIJZV8DICWj9jkRjhIPMySir0E,ChIJsSJTTpTH9jkR8OjdlWqBPGk
12,Dhanbad,Bhutgaria ,BINOD BIHARI CHOWK,ChIJbfzMBAij9jkR52T3hRseFfo,ChIJf29L46ak9jkRGhEVq7XJvqQ,ChIJsSJTTpTH9jkR8OjdlWqBPGk
13,Dhanbad,Bhutgaria ,DHAIYA,ChIJbfzMBAij9jkR52T3hRseFfo,ChIJBeKBZKC89jkRIwNwDAc6Gxs,ChIJsSJTTpTH9jkR8OjdlWqBPGk
14,Dhanbad,Bhutgaria ,BARWADDA,ChIJbfzMBAij9jkR52T3hRseFfo,ChIJfbQQv0i79jkRA27vOx-kWTE,ChIJsSJTTpTH9jkR8OjdlWqBPGk
15,Dhanbad,Bhutgaria ,GOBINDPUR,ChIJbfzMBAij9jkR52T3hRseFfo,ChIJ3YqBvQ339TkRneZwfAYIVHA,ChIJsSJTTpTH9jkR8OjdlWqBPGk
16,Dhanbad,Bhutgaria ,RANGDIH,ChIJbfzMBAij9jkR52T3hRseFfo,ChIJ56SQBmNMkDkRiyJJifpOINQ,ChIJsSJTTpTH9jkR8OjdlWqBPGk
17,Dhanbad,Bhutgaria ,DEVLI,ChIJbfzMBAij9jkR52T3hRseFfo,ChIJNVXmgLrhDDkRyLGrsGnlR0A,ChIJsSJTTpTH9jkR8OjdlWqBPGk
18,Dhanbad,Bhutgaria ,BARWA,ChIJbfzMBAij9jkR52T3hRseFfo,ChIJOxj62aS89jkRRDa68TkeNU8,ChIJsSJTTpTH9jkR8OjdlWqBPGk
19,Dhanbad,Bhutgaria ,NIRSA,ChIJbfzMBAij9jkR52T3hRseFfo,ChIJMRygDwbD9jkRu4snc4XSEtI,ChIJsSJTTpTH9jkR8OjdlWqBPGk
20,Dhanbad,Bhutgaria ,MAITHAN,ChIJbfzMBAij9jkR52T3hRseFfo,ChIJY_E5Xsvd9jkR__lz6ZptzDA,ChIJsSJTTpTH9jkR8OjdlWqBPGk
21,Dhanbad,Bhutgaria ,CHIRKUNDA,ChIJbfzMBAij9jkR52T3hRseFfo,ChIJ6blmSoPd9jkRQjOqIIDD4NQ,ChIJsSJTTpTH9jkR8OjdlWqBPGk
22,Dhanbad,Bhutgaria ,KANCHANDIH,ChIJbfzMBAij9jkR52T3hRseFfo,ChIJGyf74b7nhzkRSueyDCLti0k,ChIJsSJTTpTH9jkR8OjdlWqBPGk
23,Dhanbad,Bhutgaria ,MUGHMA,ChIJbfzMBAij9jkR52T3hRseFfo,ChIJhVfiRNDC9jkRE7DiiR0jLBE,ChIJsSJTTpTH9jkR8OjdlWqBPGk
24,Dhanbad,Bhutgaria ,KALIYASOLE,ChIJbfzMBAij9jkR52T3hRseFfo,ChIJrYkEeB7C9jkRMI96KA1KGpM,ChIJsSJTTpTH9jkR8OjdlWqBPGk
25,Dhanbad,Bhutgaria ,HARNA,ChIJbfzMBAij9jkR52T3hRseFfo,ChIJiyGuJIEe9DkReCi0bQn-OFQ,ChIJsSJTTpTH9jkR8OjdlWqBPGk
26,Dhanbad,Bhutgaria ,RAJGANJ,ChIJbfzMBAij9jkR52T3hRseFfo,ChIJN3pK0i-k9jkRZDKcmsxXJ5U,ChIJsSJTTpTH9jkR8OjdlWqBPGk
27,Dhanbad,Bhutgaria ,KATRAS BAZAR,ChIJbfzMBAij9jkR52T3hRseFfo,ChIJF7mzVdSg9jkR899a64rbndU,ChIJsSJTTpTH9jkR8OjdlWqBPGk
28,Dhanbad,Bhutgaria ,SHYAMDIH,ChIJbfzMBAij9jkR52T3hRseFfo,ChIJa3lrTDGn9jkRTptbR0UKO3A,ChIJsSJTTpTH9jkR8OjdlWqBPGk
29,Dhanbad,Bhutgaria ,PACHGARHI,ChIJbfzMBAij9jkR52T3hRseFfo,ChIJH6C8QySh9jkRtRdfslmRFNk,ChIJsSJTTpTH9jkR8OjdlWqBPGk
30,Dhanbad,Bhutgaria ,KAKO,ChIJbfzMBAij9jkR52T3hRseFfo,ChIJSazzsUq28jkRcfIdiLxPWgQ,ChIJsSJTTpTH9jkR8OjdlWqBPGk
31,Dhanbad,Bhutgaria ,MAHUDA,ChIJbfzMBAij9jkR52T3hRseFfo,ChIJ1cu7UEMe9DkRtlo8H147umg,ChIJsSJTTpTH9jkR8OjdlWqBPGk
32,Dhanbad,Bhutgaria ,SINIDIH,ChIJbfzMBAij9jkR52T3hRseFfo,ChIJj3Q82CAe9DkRniYQcV0vg7o,ChIJsSJTTpTH9jkR8OjdlWqBPGk
33,Dhanbad,Bhutgaria ,NAWAGARH,ChIJbfzMBAij9jkR52T3hRseFfo,ChIJt6l98aFOKDoRGnoBV8_B2rs,ChIJsSJTTpTH9jkR8OjdlWqBPGk
34,Dhanbad,Bhutgaria ,BAGHMARA,ChIJbfzMBAij9jkR52T3hRseFfo,ChIJTYLaFC4KVzcRbSjTezSdN1E,ChIJsSJTTpTH9jkR8OjdlWqBPGk
35,Dhanbad,Bhutgaria ,FHUSBANGLA,ChIJbfzMBAij9jkR52T3hRseFfo,,ChIJsSJTTpTH9jkR8OjdlWqBPGk
36,Dhanbad,Bhutgaria ,PATHERDIH,ChIJbfzMBAij9jkR52T3hRseFfo,ChIJFahf7neX9jkRhXKIb2IRZgE,ChIJsSJTTpTH9jkR8OjdlWqBPGk
37,Dhanbad,Bhutgaria ,BHAWRA,ChIJbfzMBAij9jkR52T3hRseFfo,,ChIJsSJTTpTH9jkR8OjdlWqBPGk
38,Dhanbad,Bhutgaria ,JAMADOBA,ChIJbfzMBAij9jkR52T3hRseFfo,ChIJHZ-bewWY9jkR4rMmNrJPzWI,ChIJsSJTTpTH9jkR8OjdlWqBPGk
39,Dhanbad,Bhutgaria ,CHASNALA,ChIJbfzMBAij9jkR52T3hRseFfo,ChIJZ4mQkBqX9jkRfgC2fGlwxnk,ChIJsSJTTpTH9jkR8OjdlWqBPGk
40,Dhanbad,Bhutgaria ,SUDAMDIH,ChIJbfzMBAij9jkR52T3hRseFfo,ChIJsYrU-3qX9jkRHjGsI0GTYtQ,ChIJsSJTTpTH9jkR8OjdlWqBPGk
41,Dhanbad,Bhutgaria ,SINDRI,ChIJbfzMBAij9jkR52T3hRseFfo,ChIJf1DvrArD9jkRiNeg2BdPcLo,ChIJsSJTTpTH9jkR8OjdlWqBPGk
42,Dhanbad,Bhutgaria ,SAHARPURA,ChIJbfzMBAij9jkR52T3hRseFfo,ChIJh8sjnHuh9jkR-p4Qqufv5MY,ChIJsSJTTpTH9jkR8OjdlWqBPGk
43,Dhanbad,Bhutgaria ,DOMGARH,ChIJbfzMBAij9jkR52T3hRseFfo,ChIJ3yFplKSW9jkRdLHaOr7S5WE,ChIJsSJTTpTH9jkR8OjdlWqBPGk
44,Dhanbad,Bhutgaria ,BALIYAPUR,ChIJbfzMBAij9jkR52T3hRseFfo,ChIJmcZy44iV9jkRSu0jmh9_YIw,ChIJsSJTTpTH9jkR8OjdlWqBPGk
45,Dhanbad,Bhutgaria ,GOMOH,ChIJbfzMBAij9jkR52T3hRseFfo,ChIJ16uhH2wb9DkRUkeyv6YHY5g,ChIJsSJTTpTH9jkR8OjdlWqBPGk
46,Dhanbad,Bhutgaria ,TOPCHACHI,ChIJbfzMBAij9jkR52T3hRseFfo,ChIJ_3CBPLUc9DkRan9R6yQt_JY,ChIJsSJTTpTH9jkR8OjdlWqBPGk
47,Dhanbad,Bhutgaria ,HARIHARPUR,ChIJbfzMBAij9jkR52T3hRseFfo,ChIJEYL-bC4ikTkRs56fwJgCepw,ChIJsSJTTpTH9jkR8OjdlWqBPGk
48,Dhanbad,Bhutgaria ,JITPUR,ChIJbfzMBAij9jkR52T3hRseFfo,ChIJkfx1t6Ki9jkR-Sqq1uSJbdo,ChIJsSJTTpTH9jkR8OjdlWqBPGk
49,Dhanbad,Bhutgaria ,CHAS,ChIJbfzMBAij9jkR52T3hRseFfo,ChIJg0Jqx1gh9DkRHcCdxIFf3ik,ChIJsSJTTpTH9jkR8OjdlWqBPGk
50,Dhanbad,Bhutgaria ,BALIDIH,ChIJbfzMBAij9jkR52T3hRseFfo,ChIJQTSg3Ko99DkRQTc0dB4yggk,ChIJsSJTTpTH9jkR8OjdlWqBPGk
51,Dhanbad,Bhutgaria ,CHIRACHAS,ChIJbfzMBAij9jkR52T3hRseFfo,ChIJZY0II30h9DkRulWg2jPiTmg,ChIJsSJTTpTH9jkR8OjdlWqBPGk
52,Dhanbad,Bhutgaria ,SIWANDIH,ChIJbfzMBAij9jkR52T3hRseFfo,ChIJnyhJ0kYj9DkRDdLVu6-SNVI,ChIJsSJTTpTH9jkR8OjdlWqBPGk
53,Dhanbad,Bhutgaria ,BOKARO,ChIJbfzMBAij9jkR52T3hRseFfo,ChIJcQgBQQMj9DkRNlAdANkhn_g,ChIJsSJTTpTH9jkR8OjdlWqBPGk
54,Dhanbad,Bhutgaria ,KALA PATTHAR,ChIJbfzMBAij9jkR52T3hRseFfo,ChIJcQET7Lkh9DkRF37qTqBl8gY,ChIJsSJTTpTH9jkR8OjdlWqBPGk
55,Dhanbad,Bhutgaria ,KASMAR,ChIJbfzMBAij9jkR52T3hRseFfo,ChIJV_S0OpE49DkRLhwvnd3fuow,ChIJsSJTTpTH9jkR8OjdlWqBPGk
56,Dhanbad,Bhutgaria ,KHAIRACHATAR,ChIJbfzMBAij9jkR52T3hRseFfo,ChIJJ1vuNgQ49DkRZ8vOiNDJX5c,ChIJsSJTTpTH9jkR8OjdlWqBPGk
57,Dhanbad,Bhutgaria ,BAHADURPUR,ChIJbfzMBAij9jkR52T3hRseFfo,ChIJofWtcX8W9zkRhYq7pa_qNFY,ChIJsSJTTpTH9jkR8OjdlWqBPGk
58,Dhanbad,Bhutgaria ,DANTU,ChIJbfzMBAij9jkR52T3hRseFfo,ChIJXTciDpNA9DkRYiikh6q2IB4,ChIJsSJTTpTH9jkR8OjdlWqBPGk
59,Dhanbad,Bhutgaria ,MADHUKARPUR,ChIJbfzMBAij9jkR52T3hRseFfo,ChIJw-JQzDxH9DkRwMXO6Cqlw58,ChIJsSJTTpTH9jkR8OjdlWqBPGk
60,Dhanbad,Bhutgaria ,BANDHDIH,ChIJbfzMBAij9jkR52T3hRseFfo,ChIJsStl2Cs89DkRYD69qAExCXk,ChIJsSJTTpTH9jkR8OjdlWqBPGk
61,Dhanbad,Bhutgaria ,TANTRI,ChIJbfzMBAij9jkR52T3hRseFfo,ChIJA7QTEzoW9DkRz6QzN1gNMcc,ChIJsSJTTpTH9jkR8OjdlWqBPGk
62,Dhanbad,Bhutgaria ,JAINAMORE,ChIJbfzMBAij9jkR52T3hRseFfo,ChIJbbcLp9M99DkRmhZSqL4g158,ChIJsSJTTpTH9jkR8OjdlWqBPGk
63,Dhanbad,Bhutgaria ,JARIDIH,ChIJbfzMBAij9jkR52T3hRseFfo,ChIJP9WWQNEU9DkRR5TGLzxeJGU,ChIJsSJTTpTH9jkR8OjdlWqBPGk
64,Dhanbad,Bhutgaria ,DUGHDA,ChIJbfzMBAij9jkR52T3hRseFfo,ChIJk-IIYe8e9DkRjZnug1Ot5Zw,ChIJsSJTTpTH9jkR8OjdlWqBPGk
65,Dhanbad,Bhutgaria ,TELO,ChIJbfzMBAij9jkR52T3hRseFfo,ChIJDcHXVi8a9DkR3QInAvRfN2k,ChIJsSJTTpTH9jkR8OjdlWqBPGk
66,Dhanbad,Bhutgaria ,RAJABERA,ChIJbfzMBAij9jkR52T3hRseFfo,ChIJD0o6zZEX9DkRY7IeEWB6vlA,ChIJsSJTTpTH9jkR8OjdlWqBPGk
67,Dhanbad,Bhutgaria ,TARANARI,ChIJbfzMBAij9jkR52T3hRseFfo,ChIJk5ZVwj8L9DkRnkQ9hELWJps,ChIJsSJTTpTH9jkR8OjdlWqBPGk
68,Dhanbad,Bhutgaria ,PHUSRO,ChIJbfzMBAij9jkR52T3hRseFfo,ChIJsU3T4zUU9DkRksF2Wcdvc14,ChIJsSJTTpTH9jkR8OjdlWqBPGk
69,Dhanbad,Bhutgaria ,TUPKADIH,ChIJbfzMBAij9jkR52T3hRseFfo,ChIJ0YEICNgX9DkRQCQlhwWJZQs,ChIJsSJTTpTH9jkR8OjdlWqBPGk
70,Dhanbad,Bhutgaria ,JARANGDIH,ChIJbfzMBAij9jkR52T3hRseFfo,ChIJdZs3dz1r9DkRq3lULHro7DY,ChIJsSJTTpTH9jkR8OjdlWqBPGk
71,Dhanbad,Bhutgaria ,KURPANIA,ChIJbfzMBAij9jkR52T3hRseFfo,ChIJSaBr0rMU9DkRBHNfTGz8CLU,ChIJsSJTTpTH9jkR8OjdlWqBPGk
72,Dhanbad,Bhutgaria ,BERMO,ChIJbfzMBAij9jkR52T3hRseFfo,ChIJydLJq7AU9DkR9nz55_O0nbw,ChIJsSJTTpTH9jkR8OjdlWqBPGk
73,Dhanbad,Bhutgaria ,anhwali,ChIJbfzMBAij9jkR52T3hRseFfo,,ChIJsSJTTpTH9jkR8OjdlWqBPGk
74,Dhanbad,Bhutgaria ,jhirki,ChIJbfzMBAij9jkR52T3hRseFfo,ChIJ7fSvpXlB9DkRYBwGPPmcWuw,ChIJsSJTTpTH9jkR8OjdlWqBPGk
75,Dhanbad,Bhutgaria ,LALPANIA,ChIJbfzMBAij9jkR52T3hRseFfo,ChIJues3g8dn9DkRbkGZjPaE6uw,ChIJsSJTTpTH9jkR8OjdlWqBPGk
76,Dhanbad,Bhutgaria ,Utasara,ChIJbfzMBAij9jkR52T3hRseFfo,ChIJjxcTl6hB9DkROXil9NrPnUU,ChIJsSJTTpTH9jkR8OjdlWqBPGk
77,Dhanbad,Bhutgaria ,chalkari,ChIJbfzMBAij9jkR52T3hRseFfo,ChIJeVLuBCEV9DkRhKRQ48k6kqs,ChIJsSJTTpTH9jkR8OjdlWqBPGk
78,Dhanbad,Bhutgaria ,petarbar,ChIJbfzMBAij9jkR52T3hRseFfo,ChIJB-9vjVJB9DkR_rPB-EGpBIc,ChIJsSJTTpTH9jkR8OjdlWqBPGk
79,Dhanbad,Bhutgaria ,BHANDRA,ChIJbfzMBAij9jkR52T3hRseFfo,ChIJXyyJl-4oizkRs0PUZY7VpVY,ChIJsSJTTpTH9jkR8OjdlWqBPGk
80,Dhanbad,Bhutgaria ,NAWADIH,ChIJbfzMBAij9jkR52T3hRseFfo,ChIJ6yQeJAkR9DkROxur_58o0Zk,ChIJsSJTTpTH9jkR8OjdlWqBPGk
81,Dhanbad,Bhutgaria ,CHIRUDIH,ChIJbfzMBAij9jkR52T3hRseFfo,ChIJEf7z7PsQ9DkRKY75zTR1f9Q,ChIJsSJTTpTH9jkR8OjdlWqBPGk
82,Dhanbad,Bhutgaria ,TARANGA,ChIJbfzMBAij9jkR52T3hRseFfo,ChIJ59wokEIZ9DkRyqeGmTEvX44,ChIJsSJTTpTH9jkR8OjdlWqBPGk
83,Dhanbad,Bhutgaria ,BARAMESIYA(Bokaro),ChIJbfzMBAij9jkR52T3hRseFfo,,ChIJsSJTTpTH9jkR8OjdlWqBPGk
84,Dhanbad,Bhutgaria ,CHANDANKYARI,ChIJbfzMBAij9jkR52T3hRseFfo,ChIJxzWkqQub9jkRHyp4qgp0KU0,ChIJsSJTTpTH9jkR8OjdlWqBPGk
85,Dhanbad,Bhutgaria ,TALGARIA,ChIJbfzMBAij9jkR52T3hRseFfo,ChIJIUxWAC2f9jkRXEI6P8l7xQA,ChIJsSJTTpTH9jkR8OjdlWqBPGk
86,Dhanbad,Bhutgaria ,HOSIR,ChIJbfzMBAij9jkR52T3hRseFfo,ChIJFxcrux9p9DkRIWZ_OWv1Ado,ChIJsSJTTpTH9jkR8OjdlWqBPGk
87,Dhanbad,Bhutgaria ,LALPANIA,ChIJbfzMBAij9jkR52T3hRseFfo,ChIJues3g8dn9DkRbkGZjPaE6uw,ChIJsSJTTpTH9jkR8OjdlWqBPGk
88,Dhanbad,Bhutgaria ,SAWANG,ChIJbfzMBAij9jkR52T3hRseFfo,ChIJhfhWR_snXDcRRLtNY77z3jg,ChIJsSJTTpTH9jkR8OjdlWqBPGk
89,Dhanbad,Bhutgaria ,GOMIA,ChIJbfzMBAij9jkR52T3hRseFfo,ChIJ0bFJ2lJp9DkRodiFQkLPBvU,ChIJsSJTTpTH9jkR8OjdlWqBPGk
90,Dhanbad,Bhutgaria ,SARAM,ChIJbfzMBAij9jkR52T3hRseFfo,ChIJKwkf0LS99jkRTwAH2n05Oxs,ChIJsSJTTpTH9jkR8OjdlWqBPGk
91,Dhanbad,Bhutgaria ,JAMTARA,ChIJbfzMBAij9jkR52T3hRseFfo,ChIJR-nL5NzQ9jkRetRo6rnMMo8,ChIJsSJTTpTH9jkR8OjdlWqBPGk
92,Dhanbad,Bhutgaria ,SONBAD,ChIJbfzMBAij9jkR52T3hRseFfo,ChIJCWGgny3Q9jkR7DESSUsMTPY,ChIJsSJTTpTH9jkR8OjdlWqBPGk
93,Dhanbad,Bhutgaria ,MIHIJAM,ChIJbfzMBAij9jkR52T3hRseFfo,ChIJ2cYC-cLY9jkRse7OPpnGZsw,ChIJsSJTTpTH9jkR8OjdlWqBPGk
94,Dhanbad,Bhutgaria ,KARMATANR,ChIJbfzMBAij9jkR52T3hRseFfo,ChIJs6uLUDK59jkRZqz19lf0qXA,ChIJsSJTTpTH9jkR8OjdlWqBPGk
95,Dhanbad,Bhutgaria ,KALA JHARIA,ChIJbfzMBAij9jkR52T3hRseFfo,ChIJi5wmF_XN9jkRk_gXgkivplk,ChIJsSJTTpTH9jkR8OjdlWqBPGk
96,Dhanbad,Bhutgaria ,SITALPUR,ChIJbfzMBAij9jkR52T3hRseFfo,ChIJ-RmfBR1O7TkRNC4Xt73EhhU,ChIJsSJTTpTH9jkR8OjdlWqBPGk
97,Dhanbad,Bhutgaria ,NALA,ChIJbfzMBAij9jkR52T3hRseFfo,ChIJ54i2Y3wl9zkRDbad6RPZ82M,ChIJsSJTTpTH9jkR8OjdlWqBPGk
98,Dhanbad,Bhutgaria ,KHERA,ChIJbfzMBAij9jkR52T3hRseFfo,ChIJ9at1ECv1GjkREhFd_tfSGCk,ChIJsSJTTpTH9jkR8OjdlWqBPGk
99,Dhanbad,Bhutgaria ,BASTI PALAJORI,ChIJbfzMBAij9jkR52T3hRseFfo,,ChIJsSJTTpTH9jkR8OjdlWqBPGk
100,Dhanbad,Bhutgaria ,NARAYANPUR,ChIJbfzMBAij9jkR52T3hRseFfo,ChIJ93GTQ0k_LjoRuUlN4e5b_jc,ChIJsSJTTpTH9jkR8OjdlWqBPGk
101,Dhanbad,Bhutgaria ,PABIA,ChIJbfzMBAij9jkR52T3hRseFfo,ChIJ1artFmbO9jkREhSwx_wV8r4,ChIJsSJTTpTH9jkR8OjdlWqBPGk
102,Dhanbad,Bhutgaria ,FATEHPUR,ChIJbfzMBAij9jkR52T3hRseFfo,ChIJ4ePVmKhimzkR5x9YqIJMsLU,ChIJsSJTTpTH9jkR8OjdlWqBPGk
103,Dhanbad,Bhutgaria ,KUNDHAIT,ChIJbfzMBAij9jkR52T3hRseFfo,ChIJfbkJySE39zkRn7qYyHL_zHg,ChIJsSJTTpTH9jkR8OjdlWqBPGk
104,Dhanbad,Bhutgaria ,PALAJAURI,ChIJbfzMBAij9jkR52T3hRseFfo,,ChIJsSJTTpTH9jkR8OjdlWqBPGk
105,Dhanbad,Bhutgaria ,BHIMPAHARI,ChIJbfzMBAij9jkR52T3hRseFfo,ChIJ5xQLhmYt9zkRnmv9TdhxKzs,ChIJsSJTTpTH9jkR8OjdlWqBPGk
106,Dhanbad,Bhutgaria ,GIRIDIH,ChIJbfzMBAij9jkR52T3hRseFfo,ChIJXfkvHtdV8TkRiIHt-A-hvqU,ChIJsSJTTpTH9jkR8OjdlWqBPGk
107,Dhanbad,Bhutgaria ,PACHAMBHA,ChIJbfzMBAij9jkR52T3hRseFfo,ChIJj_fIIDxf8TkRzpoXDN8yiwI,ChIJsSJTTpTH9jkR8OjdlWqBPGk
108,Dhanbad,Bhutgaria ,BHANDARIDIH,ChIJbfzMBAij9jkR52T3hRseFfo,ChIJ9SWHI9NV8TkRXu9K07b9maY,ChIJsSJTTpTH9jkR8OjdlWqBPGk
109,Dhanbad,Bhutgaria ,MIRZAGANJ,ChIJbfzMBAij9jkR52T3hRseFfo,ChIJrTeJ0qzm8zkRyoZHaODC9iI,ChIJsSJTTpTH9jkR8OjdlWqBPGk
110,Dhanbad,Bhutgaria ,HIRODIH,ChIJbfzMBAij9jkR52T3hRseFfo,ChIJN0P4T-x18zkRriZ3zvKoqF0,ChIJsSJTTpTH9jkR8OjdlWqBPGk
111,Dhanbad,Bhutgaria ,JAMUA,ChIJbfzMBAij9jkR52T3hRseFfo,ChIJB4tfrTrk8zkRvgMt7WQAzKg,ChIJsSJTTpTH9jkR8OjdlWqBPGk
112,Dhanbad,Bhutgaria ,BIRNI,ChIJbfzMBAij9jkR52T3hRseFfo,ChIJk2ClJUbt8zkRuqSsIJincAU,ChIJsSJTTpTH9jkR8OjdlWqBPGk
113,Dhanbad,Bhutgaria ,CHITARDIHA,ChIJbfzMBAij9jkR52T3hRseFfo,ChIJgw0TFxfj8zkRT3b9Q3M6f6k,ChIJsSJTTpTH9jkR8OjdlWqBPGk
114,Dhanbad,Bhutgaria ,KHARAGDIHA,ChIJbfzMBAij9jkR52T3hRseFfo,ChIJd5U3NdHm8zkR-DQFk9fj9cQ,ChIJsSJTTpTH9jkR8OjdlWqBPGk
115,Dhanbad,Bhutgaria ,DUMMA,ChIJbfzMBAij9jkR52T3hRseFfo,ChIJ9boTRtoW8TkRA4zhT_BDksw,ChIJsSJTTpTH9jkR8OjdlWqBPGk
116,Dhanbad,Bhutgaria ,DHANWAR,ChIJbfzMBAij9jkR52T3hRseFfo,ChIJ_09-QqXr8zkR8OgdcczQfNc,ChIJsSJTTpTH9jkR8OjdlWqBPGk
117,Dhanbad,Bhutgaria ,RAJ DHANWAR,ChIJbfzMBAij9jkR52T3hRseFfo,ChIJ_09-QqXr8zkR8OgdcczQfNc,ChIJsSJTTpTH9jkR8OjdlWqBPGk
118,Dhanbad,Bhutgaria ,KUBRI,ChIJbfzMBAij9jkR52T3hRseFfo,ChIJ_fjIuVeU8zkRNxawA8RkJvQ,ChIJsSJTTpTH9jkR8OjdlWqBPGk
119,Dhanbad,Bhutgaria ,NAWAGARH,ChIJbfzMBAij9jkR52T3hRseFfo,ChIJt6l98aFOKDoRGnoBV8_B2rs,ChIJsSJTTpTH9jkR8OjdlWqBPGk
120,Dhanbad,Bhutgaria ,DUMRI,ChIJbfzMBAij9jkR52T3hRseFfo,ChIJa324JLAO9DkRUB9AbPI8vic,ChIJsSJTTpTH9jkR8OjdlWqBPGk
121,Dhanbad,Bhutgaria ,BAGODAR,ChIJbfzMBAij9jkR52T3hRseFfo,ChIJ32biURh29DkRSDMIjftJG80,ChIJsSJTTpTH9jkR8OjdlWqBPGk
122,Dhanbad,Bhutgaria ,BISHNUGARH,ChIJbfzMBAij9jkR52T3hRseFfo,ChIJ26j9SMJ59DkRrkBGDAcK_JE,ChIJsSJTTpTH9jkR8OjdlWqBPGk
123,Dhanbad,Bhutgaria ,ATAKA,ChIJbfzMBAij9jkR52T3hRseFfo,ChIJ39U6eS9t2jEREo-uK9lQ6BI,ChIJsSJTTpTH9jkR8OjdlWqBPGk
124,Dhanbad,Bhutgaria ,PIRTANR,ChIJbfzMBAij9jkR52T3hRseFfo,ChIJ6Yg9QiYH9DkRYO6SpUBET1Y,ChIJsSJTTpTH9jkR8OjdlWqBPGk
125,Dhanbad,Bhutgaria ,SURIYA,ChIJbfzMBAij9jkR52T3hRseFfo,ChIJ_4rVN3-L8zkR-YYPOSz_joo,ChIJsSJTTpTH9jkR8OjdlWqBPGk
126,Dhanbad,Bhutgaria ,GAWAN,ChIJbfzMBAij9jkR52T3hRseFfo,ChIJf3mi1CI5CzkR2hk3Bv9QrTY,ChIJsSJTTpTH9jkR8OjdlWqBPGk
127,Dhanbad,Bhutgaria ,MALDA,ChIJbfzMBAij9jkR52T3hRseFfo,ChIJ2xiK4tTi-jkR8tV9l5i_iX0,ChIJsSJTTpTH9jkR8OjdlWqBPGk
128,Dhanbad,Bhutgaria ,CHATRO,ChIJbfzMBAij9jkR52T3hRseFfo,ChIJbW7mKADg8zkR44v-6nQhdNk,ChIJsSJTTpTH9jkR8OjdlWqBPGk
129,Dhanbad,Bhutgaria ,BENGABAD,ChIJbfzMBAij9jkR52T3hRseFfo,ChIJGeOV_m1a8TkRnx_nvVDfWfY,ChIJsSJTTpTH9jkR8OjdlWqBPGk
130,Dhanbad,Bhutgaria ,NAITANR,ChIJbfzMBAij9jkR52T3hRseFfo,ChIJuSipWWH38zkRkNLOA9hbO3k,ChIJsSJTTpTH9jkR8OjdlWqBPGk
131,Dhanbad,Bhutgaria ,Koderma,ChIJbfzMBAij9jkR52T3hRseFfo,ChIJ9UPCGbIK8zkRWz1aQTwN13Y,ChIJsSJTTpTH9jkR8OjdlWqBPGk
132,Dhanbad,Bhutgaria ,Khanudih,ChIJbfzMBAij9jkR52T3hRseFfo,ChIJEfWit0wZ9DkR_OJ8uNLb9Bg,ChIJsSJTTpTH9jkR8OjdlWqBPGk
133,Dhanbad,Bhutgaria ,KHATNAI,ChIJbfzMBAij9jkR52T3hRseFfo,ChIJXRjlxtcw-jkRlv4l68r6PKc,ChIJsSJTTpTH9jkR8OjdlWqBPGk
134,Dhanbad,Bhutgaria ,Hazaribagh,ChIJbfzMBAij9jkR52T3hRseFfo,ChIJj1QmTxGc9DkRH5Zhu2joRb0,ChIJsSJTTpTH9jkR8OjdlWqBPGk
135,Dhanbad,Bhutgaria ,Tundi(Dhanbad),ChIJbfzMBAij9jkR52T3hRseFfo,ChIJAaTfD5mx9jkRvH1m7HfTaxo,ChIJsSJTTpTH9jkR8OjdlWqBPGk
136,Dhanbad,Bhutgaria ,Bhendra(Bokaro),ChIJbfzMBAij9jkR52T3hRseFfo,ChIJZdKaKJYa9DkRJCR39OnLghw,ChIJsSJTTpTH9jkR8OjdlWqBPGk
137,Dhanbad,Bhutgaria ,Dwarpahari(Giridih),ChIJbfzMBAij9jkR52T3hRseFfo,ChIJ8VF29SD78zkRBt3TQeehJRs,ChIJsSJTTpTH9jkR8OjdlWqBPGk
138,Dhanbad,Bhutgaria ,Kulgo(Giridih),ChIJbfzMBAij9jkR52T3hRseFfo,ChIJdUHdm5sL9DkRZeOH-2SlIyg,ChIJsSJTTpTH9jkR8OjdlWqBPGk
139,Dhanbad,Bhutgaria ,KARMAI(GIRIDIH),ChIJbfzMBAij9jkR52T3hRseFfo,ChIJ2z1d5_qz9jkRzodEfzd36Mc,ChIJsSJTTpTH9jkR8OjdlWqBPGk
140,Dhanbad,Bhutgaria ,GANDEY(GIRIDIH),ChIJbfzMBAij9jkR52T3hRseFfo,ChIJyx1uKpJO8TkRZMnVLldu3SM,ChIJsSJTTpTH9jkR8OjdlWqBPGk
141,Dhanbad,Bhutgaria ,Rampur(Sahibganj),ChIJbfzMBAij9jkR52T3hRseFfo,ChIJnaW4UT-L-jkRW_dnickVcLU,ChIJsSJTTpTH9jkR8OjdlWqBPGk
142,Ranchi ,Namkum,Ranchi,ChIJ3bddqgTh9DkRPvSZaJ3UCdw,ChIJ3bddqgTh9DkRPvSZaJ3UCdw,ChIJdU5Bj0fi9DkRUed1dsqySJc
143,Ranchi ,Namkum,Sisai(Gumla),ChIJ3bddqgTh9DkRPvSZaJ3UCdw,ChIJmY03UhPaijkRYHICeuBLs_k,ChIJdU5Bj0fi9DkRUed1dsqySJc
144,Ranchi ,Namkum,Angara,ChIJ3bddqgTh9DkRPvSZaJ3UCdw,ChIJyVI3jnv89DkR_NSQyc4uf_0,ChIJdU5Bj0fi9DkRUed1dsqySJc
145,Ranchi ,Namkum,BAJRA,ChIJ3bddqgTh9DkRPvSZaJ3UCdw,ChIJybGCrjDe9DkRzRRawWGL47A,ChIJdU5Bj0fi9DkRUed1dsqySJc
146,Ranchi ,Namkum,Balumath,ChIJ3bddqgTh9DkRPvSZaJ3UCdw,ChIJP4HxZaVPizkRZpgC6NzQyYM,ChIJdU5Bj0fi9DkRUed1dsqySJc
147,Ranchi ,Namkum,Bano,ChIJ3bddqgTh9DkRPvSZaJ3UCdw,ChIJD2PiRpFV8TkR0CNVEq4beuU,ChIJdU5Bj0fi9DkRUed1dsqySJc
148,Ranchi ,Namkum,Bero,ChIJ3bddqgTh9DkRPvSZaJ3UCdw,ChIJz-0qof8p9TkRmVMARxoD73Q,ChIJdU5Bj0fi9DkRUed1dsqySJc
149,Ranchi ,Namkum,Bhandra,ChIJ3bddqgTh9DkRPvSZaJ3UCdw,ChIJXyyJl-4oizkRs0PUZY7VpVY,ChIJdU5Bj0fi9DkRUed1dsqySJc
150,Ranchi ,Namkum,BOOTY MORE,ChIJ3bddqgTh9DkRPvSZaJ3UCdw,ChIJZW2RKvjR9DkRSJ7KKrOykaE,ChIJdU5Bj0fi9DkRUed1dsqySJc
151,Ranchi ,Namkum,Bundu,ChIJ3bddqgTh9DkRPvSZaJ3UCdw,ChIJySoWxIgH9TkRpDjsDWWe12E,ChIJdU5Bj0fi9DkRUed1dsqySJc
152,Ranchi ,Namkum,Chanho,ChIJ3bddqgTh9DkRPvSZaJ3UCdw,ChIJ5STaVXfN9DkR24F2g-8I2-I,ChIJdU5Bj0fi9DkRUed1dsqySJc
153,Ranchi ,Namkum,Chhatarmandu,ChIJ3bddqgTh9DkRPvSZaJ3UCdw,ChIJ3z3DsAn29DkRkX2cEZuuBns,ChIJdU5Bj0fi9DkRUed1dsqySJc
154,Ranchi ,Namkum,CHUTIA,ChIJ3bddqgTh9DkRPvSZaJ3UCdw,ChIJWQ9dPpnh9DkRlC_xJeFvWkE,ChIJdU5Bj0fi9DkRUed1dsqySJc
155,Ranchi ,Namkum,CHUTUPALU,ChIJ3bddqgTh9DkRPvSZaJ3UCdw,ChIJbVlSftbw9DkRRQc3_VKFPgw,ChIJdU5Bj0fi9DkRUed1dsqySJc
156,Ranchi ,Namkum,DALADALI GODOWN,ChIJ3bddqgTh9DkRPvSZaJ3UCdw,,ChIJdU5Bj0fi9DkRUed1dsqySJc
157,Ranchi ,Namkum,DORANDA,ChIJ3bddqgTh9DkRPvSZaJ3UCdw,ChIJg7GRdrrh9DkRRjQedaggTjo,ChIJdU5Bj0fi9DkRUed1dsqySJc
158,Ranchi ,Namkum,Gola,ChIJ3bddqgTh9DkRPvSZaJ3UCdw,ChIJ2bpKfomV9jkRbJe8dF-gsxs,ChIJdU5Bj0fi9DkRUed1dsqySJc
159,Ranchi ,Namkum,HATIA/SADABAHAR CHOW,ChIJ3bddqgTh9DkRPvSZaJ3UCdw,,ChIJdU5Bj0fi9DkRUed1dsqySJc
160,Ranchi ,Namkum,Jaldega,ChIJ3bddqgTh9DkRPvSZaJ3UCdw,ChIJ2U_5VrKpijkRJL_9dQtYQ0A,ChIJdU5Bj0fi9DkRUed1dsqySJc
161,Ranchi ,Namkum,JAMUDAG,ChIJ3bddqgTh9DkRPvSZaJ3UCdw,ChIJg0A8xtit9TkRpTi7RQJQj4Y,ChIJdU5Bj0fi9DkRUed1dsqySJc
162,Ranchi ,Namkum,KADRU,ChIJ3bddqgTh9DkRPvSZaJ3UCdw,ChIJpeA27a3h9DkRUvG0cwq6w-E,ChIJdU5Bj0fi9DkRUed1dsqySJc
163,Ranchi ,Namkum,KAMRE,ChIJ3bddqgTh9DkRPvSZaJ3UCdw,ChIJPf01_wve9DkRgqE1o4m5rqI,ChIJdU5Bj0fi9DkRUed1dsqySJc
164,Ranchi ,Namkum,Kamre,ChIJ3bddqgTh9DkRPvSZaJ3UCdw,ChIJPf01_wve9DkRgqE1o4m5rqI,ChIJdU5Bj0fi9DkRUed1dsqySJc
165,Ranchi ,Namkum,KANKE BLOCK,ChIJ3bddqgTh9DkRPvSZaJ3UCdw,ChIJXajtBcLm9DkRdCuW4Y_8Xl4,ChIJdU5Bj0fi9DkRUed1dsqySJc
166,Ranchi ,Namkum,KANKE ROAD,ChIJ3bddqgTh9DkRPvSZaJ3UCdw,ChIJj_2f4Dbk9DkRXUWPScbu_hQ,ChIJdU5Bj0fi9DkRUed1dsqySJc
167,Ranchi ,Namkum,KATHAL MORE,ChIJ3bddqgTh9DkRPvSZaJ3UCdw,ChIJjRmVun_g9DkRofsyq7eh9a8,ChIJdU5Bj0fi9DkRUed1dsqySJc
168,Ranchi ,Namkum,Khunti,ChIJ3bddqgTh9DkRPvSZaJ3UCdw,ChIJc2Pwe9IX9TkRyxSwCTxyqI4,ChIJdU5Bj0fi9DkRUed1dsqySJc
169,Ranchi ,Namkum,Kisko,ChIJ3bddqgTh9DkRPvSZaJ3UCdw,ChIJC7w8rO08izkR0mlarDxjNOo,ChIJdU5Bj0fi9DkRUed1dsqySJc
170,Ranchi ,Namkum,KOKAR,ChIJ3bddqgTh9DkRPvSZaJ3UCdw,ChIJb4zYI2Lh9DkRQNVIxkt_asU,ChIJdU5Bj0fi9DkRUed1dsqySJc
171,Ranchi ,Namkum,Kuru,ChIJ3bddqgTh9DkRPvSZaJ3UCdw,ChIJ6eSn1gMxizkRYmKWFL5QrCA,ChIJdU5Bj0fi9DkRUed1dsqySJc
172,Ranchi ,Namkum,LALPUR,ChIJ3bddqgTh9DkRPvSZaJ3UCdw,ChIJN7u5tHHh9DkRUW-jQ3TusRA,ChIJdU5Bj0fi9DkRUed1dsqySJc
173,Ranchi ,Namkum,MAHILONG,ChIJ3bddqgTh9DkRPvSZaJ3UCdw,ChIJsYNcKdri9DkREZlakGQAgYM,ChIJdU5Bj0fi9DkRUed1dsqySJc
174,Ranchi ,Namkum,Mandu,ChIJ3bddqgTh9DkRPvSZaJ3UCdw,ChIJwQW3Nt9BYjkRKS09IGbWirE,ChIJdU5Bj0fi9DkRUed1dsqySJc
175,Ranchi ,Namkum,MORAHABADI,ChIJ3bddqgTh9DkRPvSZaJ3UCdw,ChIJQTCkJUjh9DkRXw9zuc6OcHk,ChIJdU5Bj0fi9DkRUed1dsqySJc
176,Ranchi ,Namkum,NAGRI,ChIJ3bddqgTh9DkRPvSZaJ3UCdw,ChIJ1ymd5QNuLzoRYNoC6qRscVc,ChIJdU5Bj0fi9DkRUed1dsqySJc
177,Ranchi ,Namkum,NAMKUM BARGAWA,ChIJ3bddqgTh9DkRPvSZaJ3UCdw,ChIJKaUgzHfi9DkRHanGneUBMLM,ChIJdU5Bj0fi9DkRUed1dsqySJc
178,Ranchi ,Namkum,NEORI,ChIJ3bddqgTh9DkRPvSZaJ3UCdw,ChIJ1QL6z4BY7TkRZgkqWBFG6o4,ChIJdU5Bj0fi9DkRUed1dsqySJc
179,Ranchi ,Namkum,ORMANJHI,ChIJ3bddqgTh9DkRPvSZaJ3UCdw,ChIJE5bsE-b69DkRiw1siKAEDnQ,ChIJdU5Bj0fi9DkRUed1dsqySJc
180,Ranchi ,Namkum,Patratu,ChIJ3bddqgTh9DkRPvSZaJ3UCdw,ChIJUfHZduDq9DkRddZq9B-kzyw,ChIJdU5Bj0fi9DkRUed1dsqySJc
181,Ranchi ,Namkum,PITHORIYA,ChIJ3bddqgTh9DkRPvSZaJ3UCdw,ChIJWVyCvv3k9DkRKM5X9Yowd1A,ChIJdU5Bj0fi9DkRUed1dsqySJc
182,Ranchi ,Namkum,Ramgarh Cantt.,ChIJ3bddqgTh9DkRPvSZaJ3UCdw,ChIJ_ZjPpfTz9DkR6cR7e_J7GM8,ChIJdU5Bj0fi9DkRUed1dsqySJc
183,Ranchi ,Namkum,Rania,ChIJ3bddqgTh9DkRPvSZaJ3UCdw,ChIJAWAwABuxFjkRkaxEg4m59jI,ChIJdU5Bj0fi9DkRUed1dsqySJc
184,Ranchi ,Namkum,Ratu,ChIJ3bddqgTh9DkRPvSZaJ3UCdw,ChIJQQX74y_c9DkRjjKWOWFNdvQ,ChIJdU5Bj0fi9DkRUed1dsqySJc
185,Ranchi ,Namkum,RATU ROAD,ChIJ3bddqgTh9DkRPvSZaJ3UCdw,ChIJC0Ttrw7e9DkRXQfxL2Fh0_4,ChIJdU5Bj0fi9DkRUed1dsqySJc
186,Ranchi ,Namkum,Senha,ChIJ3bddqgTh9DkRPvSZaJ3UCdw,ChIJ_YyY8H0hizkRdoAdyOF88iU,ChIJdU5Bj0fi9DkRUed1dsqySJc
187,Ranchi ,Namkum,Tamar,ChIJ3bddqgTh9DkRPvSZaJ3UCdw,ChIJwQPKAtum9TkRADgQZFe8aIY,ChIJdU5Bj0fi9DkRUed1dsqySJc
188,Ranchi ,Namkum,TANGARBASLI,ChIJ3bddqgTh9DkRPvSZaJ3UCdw,ChIJf6yrTvXQ9DkRVGYHRnlSzcU,ChIJdU5Bj0fi9DkRUed1dsqySJc
189,Ranchi ,Namkum,Tatisilwai,ChIJ3bddqgTh9DkRPvSZaJ3UCdw,ChIJ26e3RCvj9DkR7HsTpe0OWX8,ChIJdU5Bj0fi9DkRUed1dsqySJc
190,Ranchi ,Namkum,TIPUDANA,ChIJ3bddqgTh9DkRPvSZaJ3UCdw,ChIJHzxxHqof9TkR86lmi9IFq1k,ChIJdU5Bj0fi9DkRUed1dsqySJc
191,Ranchi ,Namkum,LOHARDAGA,ChIJ3bddqgTh9DkRPvSZaJ3UCdw,ChIJE-3xaHgkizkRh6d36S1nxdE,ChIJdU5Bj0fi9DkRUed1dsqySJc
192,Ranchi ,Namkum,Gumla,ChIJ3bddqgTh9DkRPvSZaJ3UCdw,ChIJHT-4EiLpijkRxg38R0nECwQ,ChIJdU5Bj0fi9DkRUed1dsqySJc
193,Ranchi ,Namkum,SISAI,ChIJ3bddqgTh9DkRPvSZaJ3UCdw,ChIJmY03UhPaijkRYHICeuBLs_k,ChIJdU5Bj0fi9DkRUed1dsqySJc
194,Ranchi ,Namkum,KAMDARA,ChIJ3bddqgTh9DkRPvSZaJ3UCdw,ChIJFRwaayW1ijkRZ7vYFDAVGSg,ChIJdU5Bj0fi9DkRUed1dsqySJc
195,Ranchi ,Namkum,CHANDWARA (Koderma),ChIJ3bddqgTh9DkRPvSZaJ3UCdw,ChIJ-5jUN0ly8zkRzANoqUs3Qqw,ChIJdU5Bj0fi9DkRUed1dsqySJc
196,Ranchi ,Namkum,BARHI(Hazaribag),ChIJ3bddqgTh9DkRPvSZaJ3UCdw,ChIJzfnMP7Zv8zkRHkat9MPoIB4,ChIJdU5Bj0fi9DkRUed1dsqySJc
197,Ranchi ,Namkum,JOGESWAR BIHAR(BOKAR,ChIJ3bddqgTh9DkRPvSZaJ3UCdw,ChIJvVDFpUtg9DkRukG7LgE7RYo,ChIJdU5Bj0fi9DkRUed1dsqySJc
198,Deoghar,Kunda,Sahibganj,ChIJAQ8TDygW8TkRSz6HjaOli-0,ChIJbWuvxb6Y-jkRo5_UmpP6iVA,ChIJu7ozvaEgmzkREy6c6SV0Qcw
199,Deoghar,Kunda,GAWAN,ChIJAQ8TDygW8TkRSz6HjaOli-0,ChIJf3mi1CI5CzkR2hk3Bv9QrTY,ChIJu7ozvaEgmzkREy6c6SV0Qcw
200,Deoghar,Kunda,MALDA,ChIJAQ8TDygW8TkRSz6HjaOli-0,ChIJ2xiK4tTi-jkR8tV9l5i_iX0,ChIJu7ozvaEgmzkREy6c6SV0Qcw
201,Deoghar,Kunda,CHATRO,ChIJAQ8TDygW8TkRSz6HjaOli-0,ChIJbW7mKADg8zkR44v-6nQhdNk,ChIJu7ozvaEgmzkREy6c6SV0Qcw
202,Deoghar,Kunda,BENGABAD,ChIJAQ8TDygW8TkRSz6HjaOli-0,ChIJGeOV_m1a8TkRnx_nvVDfWfY,ChIJu7ozvaEgmzkREy6c6SV0Qcw
203,Deoghar,Kunda,NAITANR,ChIJAQ8TDygW8TkRSz6HjaOli-0,ChIJuSipWWH38zkRkNLOA9hbO3k,ChIJu7ozvaEgmzkREy6c6SV0Qcw
204,Deoghar,Kunda,JASIDIH,ChIJAQ8TDygW8TkRSz6HjaOli-0,ChIJQ4QDysYV8TkRSuCKRjrqcOk,ChIJu7ozvaEgmzkREy6c6SV0Qcw
205,Deoghar,Kunda,DABAR GRAM,ChIJAQ8TDygW8TkRSz6HjaOli-0,ChIJ3_cAlOQV8TkR-rFdMaUFjaA,ChIJu7ozvaEgmzkREy6c6SV0Qcw
206,Deoghar,Kunda,SATYA SANG CHOWK,ChIJAQ8TDygW8TkRSz6HjaOli-0,,ChIJu7ozvaEgmzkREy6c6SV0Qcw
207,Deoghar,Kunda,VIP CHOWK,ChIJAQ8TDygW8TkRSz6HjaOli-0,,ChIJu7ozvaEgmzkREy6c6SV0Qcw
208,Deoghar,Kunda,BARMASIA,ChIJAQ8TDygW8TkRSz6HjaOli-0,ChIJ6U8wVAUp9DkRKdEWYTR6reY,ChIJu7ozvaEgmzkREy6c6SV0Qcw
209,Deoghar,Kunda,RANGA MORE,ChIJAQ8TDygW8TkRSz6HjaOli-0,ChIJ27bZUMsX8TkRgqcwHqxw8ec,ChIJu7ozvaEgmzkREy6c6SV0Qcw
210,Deoghar,Kunda,BAIDHNATHPUR,ChIJAQ8TDygW8TkRSz6HjaOli-0,ChIJ_5u45V898TkRN-0QVDaq4Qk,ChIJu7ozvaEgmzkREy6c6SV0Qcw
211,Deoghar,Kunda,MAHESHMARA,ChIJAQ8TDygW8TkRSz6HjaOli-0,ChIJvaDzt-MX8TkRLP_QoVYj_Uc,ChIJu7ozvaEgmzkREy6c6SV0Qcw
212,Deoghar,Kunda,BAZAR SAMITY,ChIJAQ8TDygW8TkRSz6HjaOli-0,ChIJd_XxNb9Y7TkRUbWtgf96RJY,ChIJu7ozvaEgmzkREy6c6SV0Qcw
213,Deoghar,Kunda,JHOSAGARHI,ChIJAQ8TDygW8TkRSz6HjaOli-0,,ChIJu7ozvaEgmzkREy6c6SV0Qcw
214,Deoghar,Kunda,CHOPA MORE,ChIJAQ8TDygW8TkRSz6HjaOli-0,ChIJq6qqqpsY8TkRJmGm7-y1sGg,ChIJu7ozvaEgmzkREy6c6SV0Qcw
215,Deoghar,Kunda,ROHINI,ChIJAQ8TDygW8TkRSz6HjaOli-0,ChIJPYChRzoBDTkRL16Bd8SM--0,ChIJu7ozvaEgmzkREy6c6SV0Qcw
216,Deoghar,Kunda,BAJLA CHOWK,ChIJAQ8TDygW8TkRSz6HjaOli-0,ChIJk2sh4oY98TkRxFiYUlFbHd4,ChIJu7ozvaEgmzkREy6c6SV0Qcw
217,Deoghar,Kunda,SATAR,ChIJAQ8TDygW8TkRSz6HjaOli-0,ChIJ5y-CQ1A88TkRRNGx04ICHnI,ChIJu7ozvaEgmzkREy6c6SV0Qcw
218,Deoghar,Kunda,CHITNODIHA,ChIJAQ8TDygW8TkRSz6HjaOli-0,,ChIJu7ozvaEgmzkREy6c6SV0Qcw
219,Deoghar,Kunda,DEVIPUR,ChIJAQ8TDygW8TkRSz6HjaOli-0,ChIJwZL-MYVB8TkR8Xr4_B6C_Ig,ChIJu7ozvaEgmzkREy6c6SV0Qcw
220,Deoghar,Kunda,HUSSAINABAD,ChIJAQ8TDygW8TkRSz6HjaOli-0,ChIJUb5fMJFGjDkRvRDNvEpq7Hk,ChIJu7ozvaEgmzkREy6c6SV0Qcw
221,Deoghar,Kunda,BHUDDAI,ChIJAQ8TDygW8TkRSz6HjaOli-0,,ChIJu7ozvaEgmzkREy6c6SV0Qcw
222,Deoghar,Kunda,BHIRKIBAD,ChIJAQ8TDygW8TkRSz6HjaOli-0,ChIJFflevKhI8TkRianonnV1CHI,ChIJu7ozvaEgmzkREy6c6SV0Qcw
223,Deoghar,Kunda,SARWA,ChIJAQ8TDygW8TkRSz6HjaOli-0,ChIJG_UyqxO99jkR6KfNezKbR6g,ChIJu7ozvaEgmzkREy6c6SV0Qcw
224,Deoghar,Kunda,SARATH,ChIJAQ8TDygW8TkRSz6HjaOli-0,ChIJZYTFQTgp8TkRDbq7383fud8,ChIJu7ozvaEgmzkREy6c6SV0Qcw
225,Deoghar,Kunda,PATHROL,ChIJAQ8TDygW8TkRSz6HjaOli-0,ChIJF9-qCqsx8TkR5--C1XJDO54,ChIJu7ozvaEgmzkREy6c6SV0Qcw
226,Deoghar,Kunda,MADHUPUR,ChIJAQ8TDygW8TkRSz6HjaOli-0,ChIJx7Au-rM38TkRUAHgbnL8vuA,ChIJu7ozvaEgmzkREy6c6SV0Qcw
227,Deoghar,Kunda,CHITRA,ChIJAQ8TDygW8TkRSz6HjaOli-0,ChIJLwqZCsy89jkRWsbF_Mx0x_0,ChIJu7ozvaEgmzkREy6c6SV0Qcw
228,Deoghar,Kunda,KHAGA,ChIJAQ8TDygW8TkRSz6HjaOli-0,ChIJd-LcUHFqmzkR6iYxkGdt3e4,ChIJu7ozvaEgmzkREy6c6SV0Qcw
229,Deoghar,Kunda,MOHANPUR,ChIJAQ8TDygW8TkRSz6HjaOli-0,ChIJ560da4EY8TkRY-aNYmXyJug,ChIJu7ozvaEgmzkREy6c6SV0Qcw
230,Deoghar,Kunda,KOTHIYA,ChIJAQ8TDygW8TkRSz6HjaOli-0,ChIJAYAXHoef8jkRScwS4iRq8wQ,ChIJu7ozvaEgmzkREy6c6SV0Qcw
231,Deoghar,Kunda,SARAIYAHAT,ChIJAQ8TDygW8TkRSz6HjaOli-0,ChIJKes35Zrm8DkRaOXEAMC3fxg,ChIJu7ozvaEgmzkREy6c6SV0Qcw
232,Deoghar,Kunda,HASDIHA,ChIJAQ8TDygW8TkRSz6HjaOli-0,ChIJTeNMY0jv8DkRDlok17WaK4k,ChIJu7ozvaEgmzkREy6c6SV0Qcw
233,Deoghar,Kunda,GHOMARA,ChIJAQ8TDygW8TkRSz6HjaOli-0,,ChIJu7ozvaEgmzkREy6c6SV0Qcw
234,Deoghar,Kunda,TALJHARI,ChIJAQ8TDygW8TkRSz6HjaOli-0,ChIJ2cMDcUqQ-jkRcOZo8rdRF4U,ChIJu7ozvaEgmzkREy6c6SV0Qcw
235,Deoghar,Kunda,SAHARA,ChIJAQ8TDygW8TkRSz6HjaOli-0,ChIJUXEm-2Q7iBMRkHMtWNxrQNY,ChIJu7ozvaEgmzkREy6c6SV0Qcw
236,Deoghar,Kunda,PODAIYAHAT,ChIJAQ8TDygW8TkRSz6HjaOli-0,ChIJLbTgHoPt8DkRqJD54SbKA58,ChIJu7ozvaEgmzkREy6c6SV0Qcw
237,Deoghar,Kunda,HARHARI,ChIJAQ8TDygW8TkRSz6HjaOli-0,ChIJF9L_SvIt-jkRkWxZedMvKFM,ChIJu7ozvaEgmzkREy6c6SV0Qcw
238,Deoghar,Kunda,SUGABATHAN,ChIJAQ8TDygW8TkRSz6HjaOli-0,,ChIJu7ozvaEgmzkREy6c6SV0Qcw
239,Deoghar,Kunda,PANDEYBARA,ChIJAQ8TDygW8TkRSz6HjaOli-0,ChIJy2m2n1lp8zkRML79YVq6DwI,ChIJu7ozvaEgmzkREy6c6SV0Qcw
240,Deoghar,Kunda,DEODARH,ChIJAQ8TDygW8TkRSz6HjaOli-0,ChIJBeQXa_fEIToR5lPOb9q-d2M,ChIJu7ozvaEgmzkREy6c6SV0Qcw
241,Deoghar,Kunda,SARKANDA CHOWK,ChIJAQ8TDygW8TkRSz6HjaOli-0,ChIJhea32QoLKDoRaStyHItsssY,ChIJu7ozvaEgmzkREy6c6SV0Qcw
242,Deoghar,Kunda,PIRPAITHI ROAD,ChIJAQ8TDygW8TkRSz6HjaOli-0,,ChIJu7ozvaEgmzkREy6c6SV0Qcw
243,Deoghar,Kunda,BIRKUWAR  CHOWK,ChIJAQ8TDygW8TkRSz6HjaOli-0,ChIJd8eeOF2j9jkR1go1SsMBtzg,ChIJu7ozvaEgmzkREy6c6SV0Qcw
244,Deoghar,Kunda,GORHI CHOWK,ChIJAQ8TDygW8TkRSz6HjaOli-0,,ChIJu7ozvaEgmzkREy6c6SV0Qcw
245,Deoghar,Kunda,GANGTA CHOWK,ChIJAQ8TDygW8TkRSz6HjaOli-0,,ChIJu7ozvaEgmzkREy6c6SV0Qcw
246,Deoghar,Kunda,BHATDIHA,ChIJAQ8TDygW8TkRSz6HjaOli-0,ChIJ076dqc708DkRm1DQ1H7ICxk,ChIJu7ozvaEgmzkREy6c6SV0Qcw
247,Deoghar,Kunda,KHATNAI,ChIJAQ8TDygW8TkRSz6HjaOli-0,ChIJXRjlxtcw-jkRlv4l68r6PKc,ChIJu7ozvaEgmzkREy6c6SV0Qcw
248,Deoghar,Kunda,JAMNI,ChIJAQ8TDygW8TkRSz6HjaOli-0,ChIJa3VlpDL_DTkRBbhykogStv0,ChIJu7ozvaEgmzkREy6c6SV0Qcw
249,Deoghar,Kunda,CHANDNI CHOWK,ChIJAQ8TDygW8TkRSz6HjaOli-0,ChIJWcXciBr9DDkRUb4dCDykTwI,ChIJu7ozvaEgmzkREy6c6SV0Qcw
250,Deoghar,Kunda,SARAWANI MARKET,ChIJAQ8TDygW8TkRSz6HjaOli-0,,ChIJu7ozvaEgmzkREy6c6SV0Qcw
251,Deoghar,Kunda,KEDO BAZAR,ChIJAQ8TDygW8TkRSz6HjaOli-0,,ChIJu7ozvaEgmzkREy6c6SV0Qcw
252,Deoghar,Kunda,TESO,ChIJAQ8TDygW8TkRSz6HjaOli-0,ChIJK9w0hch--jkRfEm1mR2fo0g,ChIJu7ozvaEgmzkREy6c6SV0Qcw
253,Deoghar,Kunda,SUNDARPAHARI,ChIJAQ8TDygW8TkRSz6HjaOli-0,ChIJ1TwqKtKO8DkRy-Sqjmvuvq8,ChIJu7ozvaEgmzkREy6c6SV0Qcw
254,Deoghar,Kunda,BHADARIA,ChIJAQ8TDygW8TkRSz6HjaOli-0,ChIJQ8Z4KFhqRzkRWxCo_6wvtoM,ChIJu7ozvaEgmzkREy6c6SV0Qcw
255,Deoghar,Kunda,GANDHI GRAM,ChIJAQ8TDygW8TkRSz6HjaOli-0,ChIJSbcjibOsADsRSWXfupCHfF8,ChIJu7ozvaEgmzkREy6c6SV0Qcw
256,Deoghar,Kunda,PATHARGAMA,ChIJAQ8TDygW8TkRSz6HjaOli-0,ChIJebsUwxBh8DkRjBgq-2qaaO4,ChIJu7ozvaEgmzkREy6c6SV0Qcw
257,Deoghar,Kunda,MOHANPUR,ChIJAQ8TDygW8TkRSz6HjaOli-0,ChIJ560da4EY8TkRY-aNYmXyJug,ChIJu7ozvaEgmzkREy6c6SV0Qcw
258,Deoghar,Kunda,MAHAGAMA,ChIJAQ8TDygW8TkRSz6HjaOli-0,ChIJyX2OBQZl8DkRUd4RwwUQBiE,ChIJu7ozvaEgmzkREy6c6SV0Qcw
259,Deoghar,Kunda,KECHUA CHOWK,ChIJAQ8TDygW8TkRSz6HjaOli-0,ChIJb0fLVsRl8DkR_2crGcqLN7s,ChIJu7ozvaEgmzkREy6c6SV0Qcw
260,Deoghar,Kunda,PARSA BAZAR,ChIJAQ8TDygW8TkRSz6HjaOli-0,ChIJ4Tm6-sSn8jkRLRt8FPBQFK0,ChIJu7ozvaEgmzkREy6c6SV0Qcw
261,Deoghar,Kunda,MAHESHPUR,ChIJAQ8TDygW8TkRSz6HjaOli-0,ChIJq-6sumsT-jkRPm4OVX8BCWw,ChIJu7ozvaEgmzkREy6c6SV0Qcw
262,Deoghar,Kunda,BASANTRAI,ChIJAQ8TDygW8TkRSz6HjaOli-0,ChIJ-Ry_YsBd8DkRLSqNKqc8_Sw,ChIJu7ozvaEgmzkREy6c6SV0Qcw
263,Deoghar,Kunda,HANWARA,ChIJAQ8TDygW8TkRSz6HjaOli-0,ChIJn90IUh1o8DkRhzZ9J9Y-FM4,ChIJu7ozvaEgmzkREy6c6SV0Qcw
264,Deoghar,Kunda,NARAINI,ChIJAQ8TDygW8TkRSz6HjaOli-0,ChIJn-ybJBRIgzkR180WYvvs50Y,ChIJu7ozvaEgmzkREy6c6SV0Qcw
265,Deoghar,Kunda,DIGGI,ChIJAQ8TDygW8TkRSz6HjaOli-0,ChIJT3XWuai2bTkRWtOg4q6i9yw,ChIJu7ozvaEgmzkREy6c6SV0Qcw
266,Deoghar,Kunda,SRIMATPUR,ChIJAQ8TDygW8TkRSz6HjaOli-0,ChIJOaqSZyrv8TkRcnZ-cMK49lw,ChIJu7ozvaEgmzkREy6c6SV0Qcw
267,Deoghar,Kunda,LALMATIA,ChIJAQ8TDygW8TkRSz6HjaOli-0,ChIJr2uXTEJl8DkRFpJCkxCVPqk,ChIJu7ozvaEgmzkREy6c6SV0Qcw
268,Deoghar,Kunda,LOHANDIA,ChIJAQ8TDygW8TkRSz6HjaOli-0,,ChIJu7ozvaEgmzkREy6c6SV0Qcw
269,Deoghar,Kunda,MARPA,ChIJAQ8TDygW8TkRSz6HjaOli-0,ChIJ880XnxBv8DkRaJD4-CaDFqE,ChIJu7ozvaEgmzkREy6c6SV0Qcw
270,Deoghar,Kunda,BELWADA,ChIJAQ8TDygW8TkRSz6HjaOli-0,ChIJO3Rjx27maDkRqvzw5Hf-7RQ,ChIJu7ozvaEgmzkREy6c6SV0Qcw
271,Deoghar,Kunda,SHIKARPURA,ChIJAQ8TDygW8TkRSz6HjaOli-0,ChIJ7Xadj8ojQjkRyi5T3d2ynQ0,ChIJu7ozvaEgmzkREy6c6SV0Qcw
272,Deoghar,Kunda,ASANBANI,ChIJAQ8TDygW8TkRSz6HjaOli-0,ChIJj5pGUbGs8DkR0EHR0kfDE8g,ChIJu7ozvaEgmzkREy6c6SV0Qcw
273,Deoghar,Kunda,RAWESHWAR,ChIJAQ8TDygW8TkRSz6HjaOli-0,,ChIJu7ozvaEgmzkREy6c6SV0Qcw
274,Deoghar,Kunda,MASANJOR,ChIJAQ8TDygW8TkRSz6HjaOli-0,ChIJbX1y865M9zkR5QnnBrosYXc,ChIJu7ozvaEgmzkREy6c6SV0Qcw
275,Deoghar,Kunda,MASALIA,ChIJAQ8TDygW8TkRSz6HjaOli-0,ChIJherALh3L8DkRfsPgiEsjlH0,ChIJu7ozvaEgmzkREy6c6SV0Qcw
276,Deoghar,Kunda,KATHIKUND,ChIJAQ8TDygW8TkRSz6HjaOli-0,ChIJNawEBVOk8DkRjmhKl3sQUkk,ChIJu7ozvaEgmzkREy6c6SV0Qcw
277,Deoghar,Kunda,JARMUNDI,ChIJAQ8TDygW8TkRSz6HjaOli-0,ChIJa_IMb1Hb8DkRfhEIfLSmxFc,ChIJu7ozvaEgmzkREy6c6SV0Qcw
278,Deoghar,Kunda,BASHUKINATH,ChIJAQ8TDygW8TkRSz6HjaOli-0,ChIJYyKsqqPE8DkRQV46RaRonDI,ChIJu7ozvaEgmzkREy6c6SV0Qcw
279,Deoghar,Kunda,JAMA,ChIJAQ8TDygW8TkRSz6HjaOli-0,ChIJXalaAMm89jkRk4tTygL4WUg,ChIJu7ozvaEgmzkREy6c6SV0Qcw
280,Deoghar,Kunda,MAHARO,ChIJAQ8TDygW8TkRSz6HjaOli-0,ChIJSZA8-fDH8DkRM8IvyjKK-RY,ChIJu7ozvaEgmzkREy6c6SV0Qcw
281,Deoghar,Kunda,DUMKA,ChIJAQ8TDygW8TkRSz6HjaOli-0,ChIJZYAp3qm38DkRMJRYJdomYZE,ChIJu7ozvaEgmzkREy6c6SV0Qcw
282,Deoghar,Kunda,BARAPALASI,ChIJAQ8TDygW8TkRSz6HjaOli-0,ChIJz3XQVx7H8DkRHQK7O2GKIuA,ChIJu7ozvaEgmzkREy6c6SV0Qcw
283,Deoghar,Kunda,GOPIKANKAN,ChIJAQ8TDygW8TkRSz6HjaOli-0,,ChIJu7ozvaEgmzkREy6c6SV0Qcw
284,Deoghar,Kunda,AMRAPARA,ChIJAQ8TDygW8TkRSz6HjaOli-0,ChIJz87shDd1-jkRlBNvGrbhfac,ChIJu7ozvaEgmzkREy6c6SV0Qcw
285,Deoghar,Kunda,LITTIPARA,ChIJAQ8TDygW8TkRSz6HjaOli-0,ChIJnYgipf95-jkRgMNcSoSMPNw,ChIJu7ozvaEgmzkREy6c6SV0Qcw
286,Deoghar,Kunda,HIRANPUR,ChIJAQ8TDygW8TkRSz6HjaOli-0,ChIJPbD9SUVl-jkRIHIistqcQNg,ChIJu7ozvaEgmzkREy6c6SV0Qcw
287,Deoghar,Kunda,DHARAMPUR,ChIJAQ8TDygW8TkRSz6HjaOli-0,ChIJ984nw1G54DsRM5-g-1LbjV8,ChIJu7ozvaEgmzkREy6c6SV0Qcw
288,Deoghar,Kunda,PAKUR,ChIJAQ8TDygW8TkRSz6HjaOli-0,ChIJiU_0Adxp-jkRor5xko-FEms,ChIJu7ozvaEgmzkREy6c6SV0Qcw
289,Deoghar,Kunda,PAKURIA,ChIJAQ8TDygW8TkRSz6HjaOli-0,ChIJcydupm4P-jkR0z2y6YP5D2k,ChIJu7ozvaEgmzkREy6c6SV0Qcw
290,Deoghar,Kunda,Maheshpur(P),ChIJAQ8TDygW8TkRSz6HjaOli-0,ChIJPZErp3L--jkRtfDLEPziRoI,ChIJu7ozvaEgmzkREy6c6SV0Qcw
291,Deoghar,Kunda,BARHARWA(SAHIBGANJ),ChIJAQ8TDygW8TkRSz6HjaOli-0,ChIJNefIrCZi-jkRqu9PINEK8qU,ChIJu7ozvaEgmzkREy6c6SV0Qcw
292,Deoghar,Kunda,GUMANI(SAHIBGANJ),ChIJAQ8TDygW8TkRSz6HjaOli-0,ChIJLzTNu01h-jkREnLEk5fPwvE,ChIJu7ozvaEgmzkREy6c6SV0Qcw
293,Deoghar,Kunda,KOTAL POKHAR(SAHIBGA,ChIJAQ8TDygW8TkRSz6HjaOli-0,ChIJOWluMapn-jkRAksx4wUFxqk,ChIJu7ozvaEgmzkREy6c6SV0Qcw
294,Deoghar,Kunda,UDHWA(SAHIBGANJ),ChIJAQ8TDygW8TkRSz6HjaOli-0,ChIJzepwAxWL-jkR-IbFLMedvZQ,ChIJu7ozvaEgmzkREy6c6SV0Qcw
295,Deoghar,Kunda,PATHNA(SAHIBGANJ),ChIJAQ8TDygW8TkRSz6HjaOli-0,ChIJI1E-VDJi-jkRDyEcRGji5QI,ChIJu7ozvaEgmzkREy6c6SV0Qcw
296,Deoghar,Kunda,BARHAIT(SAHIBGANJ),ChIJAQ8TDygW8TkRSz6HjaOli-0,ChIJqyG8JKaA-jkRfJ3jJKfNHpM,ChIJu7ozvaEgmzkREy6c6SV0Qcw
297,Deoghar,Kunda,BORIO(SAHIBGANJ),ChIJAQ8TDygW8TkRSz6HjaOli-0,ChIJE8lbtAiD-jkR9rmCE-xEtNM,ChIJu7ozvaEgmzkREy6c6SV0Qcw
298,Deoghar,Kunda,MANDRO(SAHIBGANJ),ChIJAQ8TDygW8TkRSz6HjaOli-0,ChIJEY7Dd0N28DkRiBZRop8Wp2A,ChIJu7ozvaEgmzkREy6c6SV0Qcw
299,Deoghar,Kunda,RAJMAHAL(SAHIBGANJ),ChIJAQ8TDygW8TkRSz6HjaOli-0,ChIJ_UuZgT6N-jkRqHfojIXMv00,ChIJu7ozvaEgmzkREy6c6SV0Qcw
300,Deoghar,Kunda,TINPAHAR(SAHIBGANJ),ChIJAQ8TDygW8TkRSz6HjaOli-0,ChIJxX0ln9-O-jkRkwRBLQfXxZU,ChIJu7ozvaEgmzkREy6c6SV0Qcw
142,Ranchi ,Kathalmore,Ranchi,ChIJ3bddqgTh9DkRPvSZaJ3UCdw,ChIJ3bddqgTh9DkRPvSZaJ3UCdw,ChIJjRmVun_g9DkRofsyq7eh9a8
143,Ranchi ,Kathalmore,Sisai(Gumla),ChIJ3bddqgTh9DkRPvSZaJ3UCdw,ChIJmY03UhPaijkRYHICeuBLs_k,ChIJjRmVun_g9DkRofsyq7eh9a8
144,Ranchi ,Kathalmore,Angara,ChIJ3bddqgTh9DkRPvSZaJ3UCdw,ChIJyVI3jnv89DkR_NSQyc4uf_0,ChIJjRmVun_g9DkRofsyq7eh9a8
145,Ranchi ,Kathalmore,BAJRA,ChIJ3bddqgTh9DkRPvSZaJ3UCdw,ChIJybGCrjDe9DkRzRRawWGL47A,ChIJjRmVun_g9DkRofsyq7eh9a8
146,Ranchi ,Kathalmore,Balumath,ChIJ3bddqgTh9DkRPvSZaJ3UCdw,ChIJP4HxZaVPizkRZpgC6NzQyYM,ChIJjRmVun_g9DkRofsyq7eh9a8
147,Ranchi ,Kathalmore,Bano,ChIJ3bddqgTh9DkRPvSZaJ3UCdw,ChIJD2PiRpFV8TkR0CNVEq4beuU,ChIJjRmVun_g9DkRofsyq7eh9a8
148,Ranchi ,Kathalmore,Bero,ChIJ3bddqgTh9DkRPvSZaJ3UCdw,ChIJz-0qof8p9TkRmVMARxoD73Q,ChIJjRmVun_g9DkRofsyq7eh9a8
149,Ranchi ,Kathalmore,Bhandra,ChIJ3bddqgTh9DkRPvSZaJ3UCdw,ChIJXyyJl-4oizkRs0PUZY7VpVY,ChIJjRmVun_g9DkRofsyq7eh9a8
150,Ranchi ,Kathalmore,BOOTY MORE,ChIJ3bddqgTh9DkRPvSZaJ3UCdw,ChIJZW2RKvjR9DkRSJ7KKrOykaE,ChIJjRmVun_g9DkRofsyq7eh9a8
151,Ranchi ,Kathalmore,Bundu,ChIJ3bddqgTh9DkRPvSZaJ3UCdw,ChIJySoWxIgH9TkRpDjsDWWe12E,ChIJjRmVun_g9DkRofsyq7eh9a8
152,Ranchi ,Kathalmore,Chanho,ChIJ3bddqgTh9DkRPvSZaJ3UCdw,ChIJ5STaVXfN9DkR24F2g-8I2-I,ChIJjRmVun_g9DkRofsyq7eh9a8
153,Ranchi ,Kathalmore,Chhatarmandu,ChIJ3bddqgTh9DkRPvSZaJ3UCdw,ChIJ3z3DsAn29DkRkX2cEZuuBns,ChIJjRmVun_g9DkRofsyq7eh9a8
154,Ranchi ,Kathalmore,CHUTIA,ChIJ3bddqgTh9DkRPvSZaJ3UCdw,ChIJWQ9dPpnh9DkRlC_xJeFvWkE,ChIJjRmVun_g9DkRofsyq7eh9a8
155,Ranchi ,Kathalmore,CHUTUPALU,ChIJ3bddqgTh9DkRPvSZaJ3UCdw,ChIJbVlSftbw9DkRRQc3_VKFPgw,ChIJjRmVun_g9DkRofsyq7eh9a8
156,Ranchi ,Kathalmore,DALADALI GODOWN,ChIJ3bddqgTh9DkRPvSZaJ3UCdw,,ChIJjRmVun_g9DkRofsyq7eh9a8
157,Ranchi ,Kathalmore,DORANDA,ChIJ3bddqgTh9DkRPvSZaJ3UCdw,ChIJg7GRdrrh9DkRRjQedaggTjo,ChIJjRmVun_g9DkRofsyq7eh9a8
158,Ranchi ,Kathalmore,Gola,ChIJ3bddqgTh9DkRPvSZaJ3UCdw,ChIJ2bpKfomV9jkRbJe8dF-gsxs,ChIJjRmVun_g9DkRofsyq7eh9a8
159,Ranchi ,Kathalmore,HATIA/SADABAHAR CHOW,ChIJ3bddqgTh9DkRPvSZaJ3UCdw,,ChIJjRmVun_g9DkRofsyq7eh9a8
160,Ranchi ,Kathalmore,Jaldega,ChIJ3bddqgTh9DkRPvSZaJ3UCdw,ChIJ2U_5VrKpijkRJL_9dQtYQ0A,ChIJjRmVun_g9DkRofsyq7eh9a8
161,Ranchi ,Kathalmore,JAMUDAG,ChIJ3bddqgTh9DkRPvSZaJ3UCdw,ChIJg0A8xtit9TkRpTi7RQJQj4Y,ChIJjRmVun_g9DkRofsyq7eh9a8
162,Ranchi ,Kathalmore,KADRU,ChIJ3bddqgTh9DkRPvSZaJ3UCdw,ChIJpeA27a3h9DkRUvG0cwq6w-E,ChIJjRmVun_g9DkRofsyq7eh9a8
163,Ranchi ,Kathalmore,KAMRE,ChIJ3bddqgTh9DkRPvSZaJ3UCdw,ChIJPf01_wve9DkRgqE1o4m5rqI,ChIJjRmVun_g9DkRofsyq7eh9a8
164,Ranchi ,Kathalmore,Kamre,ChIJ3bddqgTh9DkRPvSZaJ3UCdw,ChIJPf01_wve9DkRgqE1o4m5rqI,ChIJjRmVun_g9DkRofsyq7eh9a8
165,Ranchi ,Kathalmore,KANKE BLOCK,ChIJ3bddqgTh9DkRPvSZaJ3UCdw,ChIJXajtBcLm9DkRdCuW4Y_8Xl4,ChIJjRmVun_g9DkRofsyq7eh9a8
166,Ranchi ,Kathalmore,KANKE ROAD,ChIJ3bddqgTh9DkRPvSZaJ3UCdw,ChIJj_2f4Dbk9DkRXUWPScbu_hQ,ChIJjRmVun_g9DkRofsyq7eh9a8
167,Ranchi ,Kathalmore,KATHAL MORE,ChIJ3bddqgTh9DkRPvSZaJ3UCdw,ChIJjRmVun_g9DkRofsyq7eh9a8,ChIJjRmVun_g9DkRofsyq7eh9a8
168,Ranchi ,Kathalmore,Khunti,ChIJ3bddqgTh9DkRPvSZaJ3UCdw,ChIJc2Pwe9IX9TkRyxSwCTxyqI4,ChIJjRmVun_g9DkRofsyq7eh9a8
169,Ranchi ,Kathalmore,Kisko,ChIJ3bddqgTh9DkRPvSZaJ3UCdw,ChIJC7w8rO08izkR0mlarDxjNOo,ChIJjRmVun_g9DkRofsyq7eh9a8
170,Ranchi ,Kathalmore,KOKAR,ChIJ3bddqgTh9DkRPvSZaJ3UCdw,ChIJb4zYI2Lh9DkRQNVIxkt_asU,ChIJjRmVun_g9DkRofsyq7eh9a8
171,Ranchi ,Kathalmore,Kuru,ChIJ3bddqgTh9DkRPvSZaJ3UCdw,ChIJ6eSn1gMxizkRYmKWFL5QrCA,ChIJjRmVun_g9DkRofsyq7eh9a8
172,Ranchi ,Kathalmore,LALPUR,ChIJ3bddqgTh9DkRPvSZaJ3UCdw,ChIJN7u5tHHh9DkRUW-jQ3TusRA,ChIJjRmVun_g9DkRofsyq7eh9a8
173,Ranchi ,Kathalmore,MAHILONG,ChIJ3bddqgTh9DkRPvSZaJ3UCdw,ChIJsYNcKdri9DkREZlakGQAgYM,ChIJjRmVun_g9DkRofsyq7eh9a8
174,Ranchi ,Kathalmore,Mandu,ChIJ3bddqgTh9DkRPvSZaJ3UCdw,ChIJwQW3Nt9BYjkRKS09IGbWirE,ChIJjRmVun_g9DkRofsyq7eh9a8
175,Ranchi ,Kathalmore,MORAHABADI,ChIJ3bddqgTh9DkRPvSZaJ3UCdw,ChIJQTCkJUjh9DkRXw9zuc6OcHk,ChIJjRmVun_g9DkRofsyq7eh9a8
176,Ranchi ,Kathalmore,NAGRI,ChIJ3bddqgTh9DkRPvSZaJ3UCdw,ChIJ1ymd5QNuLzoRYNoC6qRscVc,ChIJjRmVun_g9DkRofsyq7eh9a8
177,Ranchi ,Kathalmore,NAMKUM BARGAWA,ChIJ3bddqgTh9DkRPvSZaJ3UCdw,ChIJKaUgzHfi9DkRHanGneUBMLM,ChIJjRmVun_g9DkRofsyq7eh9a8
178,Ranchi ,Kathalmore,NEORI,ChIJ3bddqgTh9DkRPvSZaJ3UCdw,ChIJ1QL6z4BY7TkRZgkqWBFG6o4,ChIJjRmVun_g9DkRofsyq7eh9a8
179,Ranchi ,Kathalmore,ORMANJHI,ChIJ3bddqgTh9DkRPvSZaJ3UCdw,ChIJE5bsE-b69DkRiw1siKAEDnQ,ChIJjRmVun_g9DkRofsyq7eh9a8
180,Ranchi ,Kathalmore,Patratu,ChIJ3bddqgTh9DkRPvSZaJ3UCdw,ChIJUfHZduDq9DkRddZq9B-kzyw,ChIJjRmVun_g9DkRofsyq7eh9a8
181,Ranchi ,Kathalmore,PITHORIYA,ChIJ3bddqgTh9DkRPvSZaJ3UCdw,ChIJWVyCvv3k9DkRKM5X9Yowd1A,ChIJjRmVun_g9DkRofsyq7eh9a8
182,Ranchi ,Kathalmore,Ramgarh Cantt.,ChIJ3bddqgTh9DkRPvSZaJ3UCdw,ChIJ_ZjPpfTz9DkR6cR7e_J7GM8,ChIJjRmVun_g9DkRofsyq7eh9a8
183,Ranchi ,Kathalmore,Rania,ChIJ3bddqgTh9DkRPvSZaJ3UCdw,ChIJAWAwABuxFjkRkaxEg4m59jI,ChIJjRmVun_g9DkRofsyq7eh9a8
184,Ranchi ,Kathalmore,Ratu,ChIJ3bddqgTh9DkRPvSZaJ3UCdw,ChIJQQX74y_c9DkRjjKWOWFNdvQ,ChIJjRmVun_g9DkRofsyq7eh9a8
185,Ranchi ,Kathalmore,RATU ROAD,ChIJ3bddqgTh9DkRPvSZaJ3UCdw,ChIJC0Ttrw7e9DkRXQfxL2Fh0_4,ChIJjRmVun_g9DkRofsyq7eh9a8
186,Ranchi ,Kathalmore,Senha,ChIJ3bddqgTh9DkRPvSZaJ3UCdw,ChIJ_YyY8H0hizkRdoAdyOF88iU,ChIJjRmVun_g9DkRofsyq7eh9a8
187,Ranchi ,Kathalmore,Tamar,ChIJ3bddqgTh9DkRPvSZaJ3UCdw,ChIJwQPKAtum9TkRADgQZFe8aIY,ChIJjRmVun_g9DkRofsyq7eh9a8
188,Ranchi ,Kathalmore,TANGARBASLI,ChIJ3bddqgTh9DkRPvSZaJ3UCdw,ChIJf6yrTvXQ9DkRVGYHRnlSzcU,ChIJjRmVun_g9DkRofsyq7eh9a8
189,Ranchi ,Kathalmore,Tatisilwai,ChIJ3bddqgTh9DkRPvSZaJ3UCdw,ChIJ26e3RCvj9DkR7HsTpe0OWX8,ChIJjRmVun_g9DkRofsyq7eh9a8
190,Ranchi ,Kathalmore,TIPUDANA,ChIJ3bddqgTh9DkRPvSZaJ3UCdw,ChIJHzxxHqof9TkR86lmi9IFq1k,ChIJjRmVun_g9DkRofsyq7eh9a8
191,Ranchi ,Kathalmore,LOHARDAGA,ChIJ3bddqgTh9DkRPvSZaJ3UCdw,ChIJE-3xaHgkizkRh6d36S1nxdE,ChIJjRmVun_g9DkRofsyq7eh9a8
192,Ranchi ,Kathalmore,Gumla,ChIJ3bddqgTh9DkRPvSZaJ3UCdw,ChIJHT-4EiLpijkRxg38R0nECwQ,ChIJjRmVun_g9DkRofsyq7eh9a8
193,Ranchi ,Kathalmore,SISAI,ChIJ3bddqgTh9DkRPvSZaJ3UCdw,ChIJmY03UhPaijkRYHICeuBLs_k,ChIJjRmVun_g9DkRofsyq7eh9a8
194,Ranchi ,Kathalmore,KAMDARA,ChIJ3bddqgTh9DkRPvSZaJ3UCdw,ChIJFRwaayW1ijkRZ7vYFDAVGSg,ChIJjRmVun_g9DkRofsyq7eh9a8
195,Ranchi ,Kathalmore,CHANDWARA (Koderma),ChIJ3bddqgTh9DkRPvSZaJ3UCdw,ChIJ-5jUN0ly8zkRzANoqUs3Qqw,ChIJjRmVun_g9DkRofsyq7eh9a8
196,Ranchi ,Kathalmore,BARHI(Hazaribag),ChIJ3bddqgTh9DkRPvSZaJ3UCdw,ChIJzfnMP7Zv8zkRHkat9MPoIB4,ChIJjRmVun_g9DkRofsyq7eh9a8
197,Ranchi ,Kathalmore,JOGESWAR BIHAR(BOKAR,ChIJ3bddqgTh9DkRPvSZaJ3UCdw,ChIJvVDFpUtg9DkRukG7LgE7RYo,ChIJjRmVun_g9DkRofsyq7eh9a8
198,Deoghar,Bazar Samiti,Sahibganj,ChIJAQ8TDygW8TkRSz6HjaOli-0,ChIJbWuvxb6Y-jkRo5_UmpP6iVA,ChIJIQHNKTi79jkRAJBF2KoyZsU
199,Deoghar,Bazar Samiti,GAWAN,ChIJAQ8TDygW8TkRSz6HjaOli-0,ChIJf3mi1CI5CzkR2hk3Bv9QrTY,ChIJIQHNKTi79jkRAJBF2KoyZsU
200,Deoghar,Bazar Samiti,MALDA,ChIJAQ8TDygW8TkRSz6HjaOli-0,ChIJ2xiK4tTi-jkR8tV9l5i_iX0,ChIJIQHNKTi79jkRAJBF2KoyZsU
201,Deoghar,Bazar Samiti,CHATRO,ChIJAQ8TDygW8TkRSz6HjaOli-0,ChIJbW7mKADg8zkR44v-6nQhdNk,ChIJIQHNKTi79jkRAJBF2KoyZsU
202,Deoghar,Bazar Samiti,BENGABAD,ChIJAQ8TDygW8TkRSz6HjaOli-0,ChIJGeOV_m1a8TkRnx_nvVDfWfY,ChIJIQHNKTi79jkRAJBF2KoyZsU
203,Deoghar,Bazar Samiti,NAITANR,ChIJAQ8TDygW8TkRSz6HjaOli-0,ChIJuSipWWH38zkRkNLOA9hbO3k,ChIJIQHNKTi79jkRAJBF2KoyZsU
204,Deoghar,Bazar Samiti,JASIDIH,ChIJAQ8TDygW8TkRSz6HjaOli-0,ChIJQ4QDysYV8TkRSuCKRjrqcOk,ChIJIQHNKTi79jkRAJBF2KoyZsU
205,Deoghar,Bazar Samiti,DABAR GRAM,ChIJAQ8TDygW8TkRSz6HjaOli-0,ChIJ3_cAlOQV8TkR-rFdMaUFjaA,ChIJIQHNKTi79jkRAJBF2KoyZsU
206,Deoghar,Bazar Samiti,SATYA SANG CHOWK,ChIJAQ8TDygW8TkRSz6HjaOli-0,,ChIJIQHNKTi79jkRAJBF2KoyZsU
207,Deoghar,Bazar Samiti,VIP CHOWK,ChIJAQ8TDygW8TkRSz6HjaOli-0,,ChIJIQHNKTi79jkRAJBF2KoyZsU
208,Deoghar,Bazar Samiti,BARMASIA,ChIJAQ8TDygW8TkRSz6HjaOli-0,ChIJ6U8wVAUp9DkRKdEWYTR6reY,ChIJIQHNKTi79jkRAJBF2KoyZsU
209,Deoghar,Bazar Samiti,RANGA MORE,ChIJAQ8TDygW8TkRSz6HjaOli-0,ChIJ27bZUMsX8TkRgqcwHqxw8ec,ChIJIQHNKTi79jkRAJBF2KoyZsU
210,Deoghar,Bazar Samiti,BAIDHNATHPUR,ChIJAQ8TDygW8TkRSz6HjaOli-0,ChIJ_5u45V898TkRN-0QVDaq4Qk,ChIJIQHNKTi79jkRAJBF2KoyZsU
211,Deoghar,Bazar Samiti,MAHESHMARA,ChIJAQ8TDygW8TkRSz6HjaOli-0,ChIJvaDzt-MX8TkRLP_QoVYj_Uc,ChIJIQHNKTi79jkRAJBF2KoyZsU
212,Deoghar,Bazar Samiti,BAZAR SAMITY,ChIJAQ8TDygW8TkRSz6HjaOli-0,ChIJd_XxNb9Y7TkRUbWtgf96RJY,ChIJIQHNKTi79jkRAJBF2KoyZsU
213,Deoghar,Bazar Samiti,JHOSAGARHI,ChIJAQ8TDygW8TkRSz6HjaOli-0,,ChIJIQHNKTi79jkRAJBF2KoyZsU
214,Deoghar,Bazar Samiti,CHOPA MORE,ChIJAQ8TDygW8TkRSz6HjaOli-0,ChIJq6qqqpsY8TkRJmGm7-y1sGg,ChIJIQHNKTi79jkRAJBF2KoyZsU
215,Deoghar,Bazar Samiti,ROHINI,ChIJAQ8TDygW8TkRSz6HjaOli-0,ChIJPYChRzoBDTkRL16Bd8SM--0,ChIJIQHNKTi79jkRAJBF2KoyZsU
216,Deoghar,Bazar Samiti,BAJLA CHOWK,ChIJAQ8TDygW8TkRSz6HjaOli-0,ChIJk2sh4oY98TkRxFiYUlFbHd4,ChIJIQHNKTi79jkRAJBF2KoyZsU
217,Deoghar,Bazar Samiti,SATAR,ChIJAQ8TDygW8TkRSz6HjaOli-0,ChIJ5y-CQ1A88TkRRNGx04ICHnI,ChIJIQHNKTi79jkRAJBF2KoyZsU
218,Deoghar,Bazar Samiti,CHITNODIHA,ChIJAQ8TDygW8TkRSz6HjaOli-0,,ChIJIQHNKTi79jkRAJBF2KoyZsU
219,Deoghar,Bazar Samiti,DEVIPUR,ChIJAQ8TDygW8TkRSz6HjaOli-0,ChIJwZL-MYVB8TkR8Xr4_B6C_Ig,ChIJIQHNKTi79jkRAJBF2KoyZsU
220,Deoghar,Bazar Samiti,HUSSAINABAD,ChIJAQ8TDygW8TkRSz6HjaOli-0,ChIJUb5fMJFGjDkRvRDNvEpq7Hk,ChIJIQHNKTi79jkRAJBF2KoyZsU
221,Deoghar,Bazar Samiti,BHUDDAI,ChIJAQ8TDygW8TkRSz6HjaOli-0,,ChIJIQHNKTi79jkRAJBF2KoyZsU
222,Deoghar,Bazar Samiti,BHIRKIBAD,ChIJAQ8TDygW8TkRSz6HjaOli-0,ChIJFflevKhI8TkRianonnV1CHI,ChIJIQHNKTi79jkRAJBF2KoyZsU
223,Deoghar,Bazar Samiti,SARWA,ChIJAQ8TDygW8TkRSz6HjaOli-0,ChIJG_UyqxO99jkR6KfNezKbR6g,ChIJIQHNKTi79jkRAJBF2KoyZsU
224,Deoghar,Bazar Samiti,SARATH,ChIJAQ8TDygW8TkRSz6HjaOli-0,ChIJZYTFQTgp8TkRDbq7383fud8,ChIJIQHNKTi79jkRAJBF2KoyZsU
225,Deoghar,Bazar Samiti,PATHROL,ChIJAQ8TDygW8TkRSz6HjaOli-0,ChIJF9-qCqsx8TkR5--C1XJDO54,ChIJIQHNKTi79jkRAJBF2KoyZsU
226,Deoghar,Bazar Samiti,MADHUPUR,ChIJAQ8TDygW8TkRSz6HjaOli-0,ChIJx7Au-rM38TkRUAHgbnL8vuA,ChIJIQHNKTi79jkRAJBF2KoyZsU
227,Deoghar,Bazar Samiti,CHITRA,ChIJAQ8TDygW8TkRSz6HjaOli-0,ChIJLwqZCsy89jkRWsbF_Mx0x_0,ChIJIQHNKTi79jkRAJBF2KoyZsU
228,Deoghar,Bazar Samiti,KHAGA,ChIJAQ8TDygW8TkRSz6HjaOli-0,ChIJd-LcUHFqmzkR6iYxkGdt3e4,ChIJIQHNKTi79jkRAJBF2KoyZsU
229,Deoghar,Bazar Samiti,MOHANPUR,ChIJAQ8TDygW8TkRSz6HjaOli-0,ChIJ560da4EY8TkRY-aNYmXyJug,ChIJIQHNKTi79jkRAJBF2KoyZsU
230,Deoghar,Bazar Samiti,KOTHIYA,ChIJAQ8TDygW8TkRSz6HjaOli-0,ChIJAYAXHoef8jkRScwS4iRq8wQ,ChIJIQHNKTi79jkRAJBF2KoyZsU
231,Deoghar,Bazar Samiti,SARAIYAHAT,ChIJAQ8TDygW8TkRSz6HjaOli-0,ChIJKes35Zrm8DkRaOXEAMC3fxg,ChIJIQHNKTi79jkRAJBF2KoyZsU
232,Deoghar,Bazar Samiti,HASDIHA,ChIJAQ8TDygW8TkRSz6HjaOli-0,ChIJTeNMY0jv8DkRDlok17WaK4k,ChIJIQHNKTi79jkRAJBF2KoyZsU
233,Deoghar,Bazar Samiti,GHOMARA,ChIJAQ8TDygW8TkRSz6HjaOli-0,,ChIJIQHNKTi79jkRAJBF2KoyZsU
234,Deoghar,Bazar Samiti,TALJHARI,ChIJAQ8TDygW8TkRSz6HjaOli-0,ChIJ2cMDcUqQ-jkRcOZo8rdRF4U,ChIJIQHNKTi79jkRAJBF2KoyZsU
235,Deoghar,Bazar Samiti,SAHARA,ChIJAQ8TDygW8TkRSz6HjaOli-0,ChIJUXEm-2Q7iBMRkHMtWNxrQNY,ChIJIQHNKTi79jkRAJBF2KoyZsU
236,Deoghar,Bazar Samiti,PODAIYAHAT,ChIJAQ8TDygW8TkRSz6HjaOli-0,ChIJLbTgHoPt8DkRqJD54SbKA58,ChIJIQHNKTi79jkRAJBF2KoyZsU
237,Deoghar,Bazar Samiti,HARHARI,ChIJAQ8TDygW8TkRSz6HjaOli-0,ChIJF9L_SvIt-jkRkWxZedMvKFM,ChIJIQHNKTi79jkRAJBF2KoyZsU
238,Deoghar,Bazar Samiti,SUGABATHAN,ChIJAQ8TDygW8TkRSz6HjaOli-0,,ChIJIQHNKTi79jkRAJBF2KoyZsU
239,Deoghar,Bazar Samiti,PANDEYBARA,ChIJAQ8TDygW8TkRSz6HjaOli-0,ChIJy2m2n1lp8zkRML79YVq6DwI,ChIJIQHNKTi79jkRAJBF2KoyZsU
240,Deoghar,Bazar Samiti,DEODARH,ChIJAQ8TDygW8TkRSz6HjaOli-0,ChIJBeQXa_fEIToR5lPOb9q-d2M,ChIJIQHNKTi79jkRAJBF2KoyZsU
241,Deoghar,Bazar Samiti,SARKANDA CHOWK,ChIJAQ8TDygW8TkRSz6HjaOli-0,ChIJhea32QoLKDoRaStyHItsssY,ChIJIQHNKTi79jkRAJBF2KoyZsU
242,Deoghar,Bazar Samiti,PIRPAITHI ROAD,ChIJAQ8TDygW8TkRSz6HjaOli-0,,ChIJIQHNKTi79jkRAJBF2KoyZsU
243,Deoghar,Bazar Samiti,BIRKUWAR  CHOWK,ChIJAQ8TDygW8TkRSz6HjaOli-0,ChIJd8eeOF2j9jkR1go1SsMBtzg,ChIJIQHNKTi79jkRAJBF2KoyZsU
244,Deoghar,Bazar Samiti,GORHI CHOWK,ChIJAQ8TDygW8TkRSz6HjaOli-0,,ChIJIQHNKTi79jkRAJBF2KoyZsU
245,Deoghar,Bazar Samiti,GANGTA CHOWK,ChIJAQ8TDygW8TkRSz6HjaOli-0,,ChIJIQHNKTi79jkRAJBF2KoyZsU
246,Deoghar,Bazar Samiti,BHATDIHA,ChIJAQ8TDygW8TkRSz6HjaOli-0,ChIJ076dqc708DkRm1DQ1H7ICxk,ChIJIQHNKTi79jkRAJBF2KoyZsU
247,Deoghar,Bazar Samiti,KHATNAI,ChIJAQ8TDygW8TkRSz6HjaOli-0,ChIJXRjlxtcw-jkRlv4l68r6PKc,ChIJIQHNKTi79jkRAJBF2KoyZsU
248,Deoghar,Bazar Samiti,JAMNI,ChIJAQ8TDygW8TkRSz6HjaOli-0,ChIJa3VlpDL_DTkRBbhykogStv0,ChIJIQHNKTi79jkRAJBF2KoyZsU
249,Deoghar,Bazar Samiti,CHANDNI CHOWK,ChIJAQ8TDygW8TkRSz6HjaOli-0,ChIJWcXciBr9DDkRUb4dCDykTwI,ChIJIQHNKTi79jkRAJBF2KoyZsU
250,Deoghar,Bazar Samiti,SARAWANI MARKET,ChIJAQ8TDygW8TkRSz6HjaOli-0,,ChIJIQHNKTi79jkRAJBF2KoyZsU
251,Deoghar,Bazar Samiti,KEDO BAZAR,ChIJAQ8TDygW8TkRSz6HjaOli-0,,ChIJIQHNKTi79jkRAJBF2KoyZsU
252,Deoghar,Bazar Samiti,TESO,ChIJAQ8TDygW8TkRSz6HjaOli-0,ChIJK9w0hch--jkRfEm1mR2fo0g,ChIJIQHNKTi79jkRAJBF2KoyZsU
253,Deoghar,Bazar Samiti,SUNDARPAHARI,ChIJAQ8TDygW8TkRSz6HjaOli-0,ChIJ1TwqKtKO8DkRy-Sqjmvuvq8,ChIJIQHNKTi79jkRAJBF2KoyZsU
254,Deoghar,Bazar Samiti,BHADARIA,ChIJAQ8TDygW8TkRSz6HjaOli-0,ChIJQ8Z4KFhqRzkRWxCo_6wvtoM,ChIJIQHNKTi79jkRAJBF2KoyZsU
255,Deoghar,Bazar Samiti,GANDHI GRAM,ChIJAQ8TDygW8TkRSz6HjaOli-0,ChIJSbcjibOsADsRSWXfupCHfF8,ChIJIQHNKTi79jkRAJBF2KoyZsU
256,Deoghar,Bazar Samiti,PATHARGAMA,ChIJAQ8TDygW8TkRSz6HjaOli-0,ChIJebsUwxBh8DkRjBgq-2qaaO4,ChIJIQHNKTi79jkRAJBF2KoyZsU
257,Deoghar,Bazar Samiti,MOHANPUR,ChIJAQ8TDygW8TkRSz6HjaOli-0,ChIJ560da4EY8TkRY-aNYmXyJug,ChIJIQHNKTi79jkRAJBF2KoyZsU
258,Deoghar,Bazar Samiti,MAHAGAMA,ChIJAQ8TDygW8TkRSz6HjaOli-0,ChIJyX2OBQZl8DkRUd4RwwUQBiE,ChIJIQHNKTi79jkRAJBF2KoyZsU
259,Deoghar,Bazar Samiti,KECHUA CHOWK,ChIJAQ8TDygW8TkRSz6HjaOli-0,ChIJb0fLVsRl8DkR_2crGcqLN7s,ChIJIQHNKTi79jkRAJBF2KoyZsU
260,Deoghar,Bazar Samiti,PARSA BAZAR,ChIJAQ8TDygW8TkRSz6HjaOli-0,ChIJ4Tm6-sSn8jkRLRt8FPBQFK0,ChIJIQHNKTi79jkRAJBF2KoyZsU
261,Deoghar,Bazar Samiti,MAHESHPUR,ChIJAQ8TDygW8TkRSz6HjaOli-0,ChIJq-6sumsT-jkRPm4OVX8BCWw,ChIJIQHNKTi79jkRAJBF2KoyZsU
262,Deoghar,Bazar Samiti,BASANTRAI,ChIJAQ8TDygW8TkRSz6HjaOli-0,ChIJ-Ry_YsBd8DkRLSqNKqc8_Sw,ChIJIQHNKTi79jkRAJBF2KoyZsU
263,Deoghar,Bazar Samiti,HANWARA,ChIJAQ8TDygW8TkRSz6HjaOli-0,ChIJn90IUh1o8DkRhzZ9J9Y-FM4,ChIJIQHNKTi79jkRAJBF2KoyZsU
264,Deoghar,Bazar Samiti,NARAINI,ChIJAQ8TDygW8TkRSz6HjaOli-0,ChIJn-ybJBRIgzkR180WYvvs50Y,ChIJIQHNKTi79jkRAJBF2KoyZsU
265,Deoghar,Bazar Samiti,DIGGI,ChIJAQ8TDygW8TkRSz6HjaOli-0,ChIJT3XWuai2bTkRWtOg4q6i9yw,ChIJIQHNKTi79jkRAJBF2KoyZsU
266,Deoghar,Bazar Samiti,SRIMATPUR,ChIJAQ8TDygW8TkRSz6HjaOli-0,ChIJOaqSZyrv8TkRcnZ-cMK49lw,ChIJIQHNKTi79jkRAJBF2KoyZsU
267,Deoghar,Bazar Samiti,LALMATIA,ChIJAQ8TDygW8TkRSz6HjaOli-0,ChIJr2uXTEJl8DkRFpJCkxCVPqk,ChIJIQHNKTi79jkRAJBF2KoyZsU
268,Deoghar,Bazar Samiti,LOHANDIA,ChIJAQ8TDygW8TkRSz6HjaOli-0,,ChIJIQHNKTi79jkRAJBF2KoyZsU
269,Deoghar,Bazar Samiti,MARPA,ChIJAQ8TDygW8TkRSz6HjaOli-0,ChIJ880XnxBv8DkRaJD4-CaDFqE,ChIJIQHNKTi79jkRAJBF2KoyZsU
270,Deoghar,Bazar Samiti,BELWADA,ChIJAQ8TDygW8TkRSz6HjaOli-0,ChIJO3Rjx27maDkRqvzw5Hf-7RQ,ChIJIQHNKTi79jkRAJBF2KoyZsU
271,Deoghar,Bazar Samiti,SHIKARPURA,ChIJAQ8TDygW8TkRSz6HjaOli-0,ChIJ7Xadj8ojQjkRyi5T3d2ynQ0,ChIJIQHNKTi79jkRAJBF2KoyZsU
272,Deoghar,Bazar Samiti,ASANBANI,ChIJAQ8TDygW8TkRSz6HjaOli-0,ChIJj5pGUbGs8DkR0EHR0kfDE8g,ChIJIQHNKTi79jkRAJBF2KoyZsU
273,Deoghar,Bazar Samiti,RAWESHWAR,ChIJAQ8TDygW8TkRSz6HjaOli-0,,ChIJIQHNKTi79jkRAJBF2KoyZsU
274,Deoghar,Bazar Samiti,MASANJOR,ChIJAQ8TDygW8TkRSz6HjaOli-0,ChIJbX1y865M9zkR5QnnBrosYXc,ChIJIQHNKTi79jkRAJBF2KoyZsU
275,Deoghar,Bazar Samiti,MASALIA,ChIJAQ8TDygW8TkRSz6HjaOli-0,ChIJherALh3L8DkRfsPgiEsjlH0,ChIJIQHNKTi79jkRAJBF2KoyZsU
276,Deoghar,Bazar Samiti,KATHIKUND,ChIJAQ8TDygW8TkRSz6HjaOli-0,ChIJNawEBVOk8DkRjmhKl3sQUkk,ChIJIQHNKTi79jkRAJBF2KoyZsU
277,Deoghar,Bazar Samiti,JARMUNDI,ChIJAQ8TDygW8TkRSz6HjaOli-0,ChIJa_IMb1Hb8DkRfhEIfLSmxFc,ChIJIQHNKTi79jkRAJBF2KoyZsU
278,Deoghar,Bazar Samiti,BASHUKINATH,ChIJAQ8TDygW8TkRSz6HjaOli-0,ChIJYyKsqqPE8DkRQV46RaRonDI,ChIJIQHNKTi79jkRAJBF2KoyZsU
279,Deoghar,Bazar Samiti,JAMA,ChIJAQ8TDygW8TkRSz6HjaOli-0,ChIJXalaAMm89jkRk4tTygL4WUg,ChIJIQHNKTi79jkRAJBF2KoyZsU
280,Deoghar,Bazar Samiti,MAHARO,ChIJAQ8TDygW8TkRSz6HjaOli-0,ChIJSZA8-fDH8DkRM8IvyjKK-RY,ChIJIQHNKTi79jkRAJBF2KoyZsU
281,Deoghar,Bazar Samiti,DUMKA,ChIJAQ8TDygW8TkRSz6HjaOli-0,ChIJZYAp3qm38DkRMJRYJdomYZE,ChIJIQHNKTi79jkRAJBF2KoyZsU
282,Deoghar,Bazar Samiti,BARAPALASI,ChIJAQ8TDygW8TkRSz6HjaOli-0,ChIJz3XQVx7H8DkRHQK7O2GKIuA,ChIJIQHNKTi79jkRAJBF2KoyZsU
283,Deoghar,Bazar Samiti,GOPIKANKAN,ChIJAQ8TDygW8TkRSz6HjaOli-0,,ChIJIQHNKTi79jkRAJBF2KoyZsU
284,Deoghar,Bazar Samiti,AMRAPARA,ChIJAQ8TDygW8TkRSz6HjaOli-0,ChIJz87shDd1-jkRlBNvGrbhfac,ChIJIQHNKTi79jkRAJBF2KoyZsU
285,Deoghar,Bazar Samiti,LITTIPARA,ChIJAQ8TDygW8TkRSz6HjaOli-0,ChIJnYgipf95-jkRgMNcSoSMPNw,ChIJIQHNKTi79jkRAJBF2KoyZsU
286,Deoghar,Bazar Samiti,HIRANPUR,ChIJAQ8TDygW8TkRSz6HjaOli-0,ChIJPbD9SUVl-jkRIHIistqcQNg,ChIJIQHNKTi79jkRAJBF2KoyZsU
287,Deoghar,Bazar Samiti,DHARAMPUR,ChIJAQ8TDygW8TkRSz6HjaOli-0,ChIJ984nw1G54DsRM5-g-1LbjV8,ChIJIQHNKTi79jkRAJBF2KoyZsU
288,Deoghar,Bazar Samiti,PAKUR,ChIJAQ8TDygW8TkRSz6HjaOli-0,ChIJiU_0Adxp-jkRor5xko-FEms,ChIJIQHNKTi79jkRAJBF2KoyZsU
289,Deoghar,Bazar Samiti,PAKURIA,ChIJAQ8TDygW8TkRSz6HjaOli-0,ChIJcydupm4P-jkR0z2y6YP5D2k,ChIJIQHNKTi79jkRAJBF2KoyZsU
290,Deoghar,Bazar Samiti,Maheshpur(P),ChIJAQ8TDygW8TkRSz6HjaOli-0,ChIJPZErp3L--jkRtfDLEPziRoI,ChIJIQHNKTi79jkRAJBF2KoyZsU
291,Deoghar,Bazar Samiti,BARHARWA(SAHIBGANJ),ChIJAQ8TDygW8TkRSz6HjaOli-0,ChIJNefIrCZi-jkRqu9PINEK8qU,ChIJIQHNKTi79jkRAJBF2KoyZsU
292,Deoghar,Bazar Samiti,GUMANI(SAHIBGANJ),ChIJAQ8TDygW8TkRSz6HjaOli-0,ChIJLzTNu01h-jkREnLEk5fPwvE,ChIJIQHNKTi79jkRAJBF2KoyZsU
293,Deoghar,Bazar Samiti,KOTAL POKHAR(SAHIBGA,ChIJAQ8TDygW8TkRSz6HjaOli-0,ChIJOWluMapn-jkRAksx4wUFxqk,ChIJIQHNKTi79jkRAJBF2KoyZsU
294,Deoghar,Bazar Samiti,UDHWA(SAHIBGANJ),ChIJAQ8TDygW8TkRSz6HjaOli-0,ChIJzepwAxWL-jkR-IbFLMedvZQ,ChIJIQHNKTi79jkRAJBF2KoyZsU
295,Deoghar,Bazar Samiti,PATHNA(SAHIBGANJ),ChIJAQ8TDygW8TkRSz6HjaOli-0,ChIJI1E-VDJi-jkRDyEcRGji5QI,ChIJIQHNKTi79jkRAJBF2KoyZsU
296,Deoghar,Bazar Samiti,BARHAIT(SAHIBGANJ),ChIJAQ8TDygW8TkRSz6HjaOli-0,ChIJqyG8JKaA-jkRfJ3jJKfNHpM,ChIJIQHNKTi79jkRAJBF2KoyZsU
297,Deoghar,Bazar Samiti,BORIO(SAHIBGANJ),ChIJAQ8TDygW8TkRSz6HjaOli-0,ChIJE8lbtAiD-jkR9rmCE-xEtNM,ChIJIQHNKTi79jkRAJBF2KoyZsU
298,Deoghar,Bazar Samiti,MANDRO(SAHIBGANJ),ChIJAQ8TDygW8TkRSz6HjaOli-0,ChIJEY7Dd0N28DkRiBZRop8Wp2A,ChIJIQHNKTi79jkRAJBF2KoyZsU
299,Deoghar,Bazar Samiti,RAJMAHAL(SAHIBGANJ),ChIJAQ8TDygW8TkRSz6HjaOli-0,ChIJ_UuZgT6N-jkRqHfojIXMv00,ChIJIQHNKTi79jkRAJBF2KoyZsU
300,Deoghar,Bazar Samiti,TINPAHAR(SAHIBGANJ),ChIJAQ8TDygW8TkRSz6HjaOli-0,ChIJxX0ln9-O-jkRkwRBLQfXxZU,ChIJIQHNKTi79jkRAJBF2KoyZsU
