,From ,Godown location,Consignee Location,godown_locations_place_id,consignee_loc_place_id
0,Dhanbad,Bhutgaria ,Dhanbad(JH),ChIJDVoSU5yi9jkRu7WopdVrmiA,ChIJbfzMBAij9jkR52T3hRseFfo
1,Dhanbad,Bhutgaria ,Hazaribagh,ChIJDVoSU5yi9jkRu7WopdVrmiA,ChIJj1QmTxGc9DkRH5Zhu2joRb0
2,Dhanbad,Bhutgaria ,BHUDA,ChIJDVoSU5yi9jkRu7WopdVrmiA,ChIJY7Hbte-89jkRB1aoPIlUY0A
3,Dhanbad,Bhutgaria ,JC MALLICK ROAD,ChIJDVoSU5yi9jkRu7WopdVrmiA,ChIJX9vDq5G89jkRET6KmT8KZUw
4,Dhanbad,Bhutgaria ,BISHNUPUR ,ChIJDVoSU5yi9jkRu7WopdVrmiA,ChIJ6ZzrdIkDizkRAleCEYu1eI4
5,Dhanbad,Bhutgaria ,HIRAPUR,ChIJDVoSU5yi9jkRu7WopdVrmiA,ChIJtx4svZa89jkRwSaM-WwY9ZE
6,Dhanbad,Bhutgaria ,WASEYPUR,ChIJDVoSU5yi9jkRu7WopdVrmiA,ChIJTfahTEij9jkRob04U1lsGLo
7,Dhanbad,Bhutgaria ,BHULI,ChIJDVoSU5yi9jkRu7WopdVrmiA,ChIJ7VmF_9289jkRNH1DPwKhRcE
8,Dhanbad,Bhutgaria ,STEEL GATE,ChIJDVoSU5yi9jkRu7WopdVrmiA,ChIJ65dOXH689jkRp9O5yPi9Dpc
9,Dhanbad,Bhutgaria ,BHIPHORE,ChIJDVoSU5yi9jkRu7WopdVrmiA,ChIJMQ-7jXm79jkRQWHK7IAwdYE
10,Dhanbad,Bhutgaria ,BABUDIH,ChIJDVoSU5yi9jkRu7WopdVrmiA,ChIJw_u6r8kf9DkRRL-kvtLkt2U
11,Dhanbad,Bhutgaria ,DHANSAR,ChIJDVoSU5yi9jkRu7WopdVrmiA,ChIJZV8DICWj9jkRjhIPMySir0E
12,Dhanbad,Bhutgaria ,BINOD BIHARI CHOWK NEAR POLYTECHNIC,ChIJDVoSU5yi9jkRu7WopdVrmiA,ChIJaVEKCaAW9DkRVDzUW9_WGkk
13,Dhanbad,Bhutgaria ,DHAIYA,ChIJDVoSU5yi9jkRu7WopdVrmiA,ChIJBeKBZKC89jkRIwNwDAc6Gxs
14,Dhanbad,Bhutgaria ,BARWADDA,ChIJDVoSU5yi9jkRu7WopdVrmiA,ChIJfbQQv0i79jkRA27vOx-kWTE
15,Dhanbad,Bhutgaria ,GOVINDPUR,ChIJDVoSU5yi9jkRu7WopdVrmiA,ChIJ3YqBvQ339TkRneZwfAYIVHA
16,Dhanbad,Bhutgaria ,RANGDIH,ChIJDVoSU5yi9jkRu7WopdVrmiA,ChIJiVrluGUv9DkRJ52U_-dBnVI
17,Dhanbad,Bhutgaria ,DEOLI,ChIJDVoSU5yi9jkRu7WopdVrmiA,ChIJr29NK1Ac9jkRv5E7gYpQ3K4
18,Dhanbad,Bhutgaria ,LOHAR BARWA,ChIJDVoSU5yi9jkRu7WopdVrmiA,ChIJGXqa8S279jkRrBe9YWFB1Nk
19,Dhanbad,Bhutgaria ,NIRSA,ChIJDVoSU5yi9jkRu7WopdVrmiA,ChIJMRygDwbD9jkRu4snc4XSEtI
20,Dhanbad,Bhutgaria ,MAITHAN,ChIJDVoSU5yi9jkRu7WopdVrmiA,ChIJY_E5Xsvd9jkR__lz6ZptzDA
21,Dhanbad,Bhutgaria ,CHIRKUNDA,ChIJDVoSU5yi9jkRu7WopdVrmiA,ChIJ6blmSoPd9jkRQjOqIIDD4NQ
22,Dhanbad,Bhutgaria ,KANCHANDIH,ChIJDVoSU5yi9jkRu7WopdVrmiA,ChIJg5YP6C3d9jkRMnsgDEmcrC8
23,Dhanbad,Bhutgaria ,MUGMA,ChIJDVoSU5yi9jkRu7WopdVrmiA,ChIJhVfiRNDC9jkRE7DiiR0jLBE
24,Dhanbad,Bhutgaria ,KALIYASOLE,ChIJDVoSU5yi9jkRu7WopdVrmiA,ChIJrYkEeB7C9jkRMI96KA1KGpM
25,Dhanbad,Bhutgaria ,HARINA,ChIJDVoSU5yi9jkRu7WopdVrmiA,ChIJkwoQNekAHjoRvrD7sTM7Wg8
26,Dhanbad,Bhutgaria ,RAJGANJ,ChIJDVoSU5yi9jkRu7WopdVrmiA,ChIJN3pK0i-k9jkRZDKcmsxXJ5U
27,Dhanbad,Bhutgaria ,KATRAS BAZAR,ChIJDVoSU5yi9jkRu7WopdVrmiA,ChIJF7mzVdSg9jkR899a64rbndU
28,Dhanbad,Bhutgaria ,SHYAMDIH,ChIJDVoSU5yi9jkRu7WopdVrmiA,ChIJb6B8Ljen9jkRHJWANMMgLHk
29,Dhanbad,Bhutgaria ,PACHGARHI,ChIJDVoSU5yi9jkRu7WopdVrmiA,ChIJH6C8QySh9jkRtRdfslmRFNk
30,Dhanbad,Bhutgaria ,KAKO,ChIJDVoSU5yi9jkRu7WopdVrmiA,ChIJxRIh1Yym9jkRTWOZX1sQgWM
31,Dhanbad,Bhutgaria ,MAHUDA,ChIJDVoSU5yi9jkRu7WopdVrmiA,ChIJ1cu7UEMe9DkRtlo8H147umg
32,Dhanbad,Bhutgaria ,SINIDIH,ChIJDVoSU5yi9jkRu7WopdVrmiA,ChIJj3Q82CAe9DkRniYQcV0vg7o
33,Dhanbad,Bhutgaria ,NAWAGARH,ChIJDVoSU5yi9jkRu7WopdVrmiA,ChIJs81g3hlW9DkR9YQmYSqtERA
34,Dhanbad,Bhutgaria ,BAGHMARA,ChIJDVoSU5yi9jkRu7WopdVrmiA,ChIJxyBflZEe9DkRqpUGAjMqvWk
35,Dhanbad,Bhutgaria ,pushbangla more,ChIJDVoSU5yi9jkRu7WopdVrmiA,
36,Dhanbad,Bhutgaria ,PATHERDIH,ChIJDVoSU5yi9jkRu7WopdVrmiA,ChIJFahf7neX9jkRhXKIb2IRZgE
37,Dhanbad,Bhutgaria ,Lohar barwa,ChIJDVoSU5yi9jkRu7WopdVrmiA,ChIJGXqa8S279jkRrBe9YWFB1Nk
38,Dhanbad,Bhutgaria ,JAMADOBA,ChIJDVoSU5yi9jkRu7WopdVrmiA,ChIJHZ-bewWY9jkR4rMmNrJPzWI
39,Dhanbad,Bhutgaria ,CHASNALA,ChIJDVoSU5yi9jkRu7WopdVrmiA,ChIJZ4mQkBqX9jkRfgC2fGlwxnk
40,Dhanbad,Bhutgaria ,SUDAMDIH,ChIJDVoSU5yi9jkRu7WopdVrmiA,ChIJsYrU-3qX9jkRHjGsI0GTYtQ
41,Dhanbad,Bhutgaria ,SINDRI,ChIJDVoSU5yi9jkRu7WopdVrmiA,ChIJf1DvrArD9jkRiNeg2BdPcLo
42,Dhanbad,Bhutgaria ,SAHARPURA,ChIJDVoSU5yi9jkRu7WopdVrmiA,ChIJh8sjnHuh9jkR-p4Qqufv5MY
43,Dhanbad,Bhutgaria ,DOMGARH,ChIJDVoSU5yi9jkRu7WopdVrmiA,ChIJ3yFplKSW9jkRdLHaOr7S5WE
44,Dhanbad,Bhutgaria ,BALIYAPUR,ChIJDVoSU5yi9jkRu7WopdVrmiA,ChIJmcZy44iV9jkRSu0jmh9_YIw
45,Dhanbad,Bhutgaria ,GOMOH,ChIJDVoSU5yi9jkRu7WopdVrmiA,ChIJ16uhH2wb9DkRUkeyv6YHY5g
46,Dhanbad,Bhutgaria ,TOPCHACHI,ChIJDVoSU5yi9jkRu7WopdVrmiA,ChIJ_3CBPLUc9DkRan9R6yQt_JY
47,Dhanbad,Bhutgaria ,HARIHARPUR,ChIJDVoSU5yi9jkRu7WopdVrmiA,ChIJDfnrgdka9DkRyCJo4ykI_Ok
48,Dhanbad,Bhutgaria ,JITPUR,ChIJDVoSU5yi9jkRu7WopdVrmiA,ChIJkfx1t6Ki9jkR-Sqq1uSJbdo
49,Dhanbad,Bhutgaria ,CHAS,ChIJDVoSU5yi9jkRu7WopdVrmiA,ChIJg0Jqx1gh9DkRHcCdxIFf3ik
50,Dhanbad,Bhutgaria ,BALIDIH,ChIJDVoSU5yi9jkRu7WopdVrmiA,ChIJQTSg3Ko99DkRQTc0dB4yggk
51,Dhanbad,Bhutgaria ,CHIRACHAS,ChIJDVoSU5yi9jkRu7WopdVrmiA,ChIJZY0II30h9DkRulWg2jPiTmg
52,Dhanbad,Bhutgaria ,SIWANDIH,ChIJDVoSU5yi9jkRu7WopdVrmiA,ChIJnyhJ0kYj9DkRDdLVu6-SNVI
53,Dhanbad,Bhutgaria ,BOKARO,ChIJDVoSU5yi9jkRu7WopdVrmiA,ChIJcQgBQQMj9DkRNlAdANkhn_g
54,Dhanbad,Bhutgaria ,KALA PATTHAR,ChIJDVoSU5yi9jkRu7WopdVrmiA,ChIJgZpOCq8h9DkRG2Uv_wKEVvI
55,Dhanbad,Bhutgaria ,KASMAR,ChIJDVoSU5yi9jkRu7WopdVrmiA,ChIJV_S0OpE49DkRLhwvnd3fuow
56,Dhanbad,Bhutgaria ,KHAIRACHATAR,ChIJDVoSU5yi9jkRu7WopdVrmiA,ChIJJ1vuNgQ49DkRZ8vOiNDJX5c
57,Dhanbad,Bhutgaria ,BAHADURPUR,ChIJDVoSU5yi9jkRu7WopdVrmiA,ChIJ80je3w0_9DkRq5xFI09qM1o
58,Dhanbad,Bhutgaria ,DANTU,ChIJDVoSU5yi9jkRu7WopdVrmiA,ChIJXTciDpNA9DkRYiikh6q2IB4
59,Dhanbad,Bhutgaria ,MADHUKARPUR,ChIJDVoSU5yi9jkRu7WopdVrmiA,ChIJw-JQzDxH9DkRwMXO6Cqlw58
60,Dhanbad,Bhutgaria ,BANDHDIH,ChIJDVoSU5yi9jkRu7WopdVrmiA,ChIJsStl2Cs89DkRYD69qAExCXk
61,Dhanbad,Bhutgaria ,TANTRI,ChIJDVoSU5yi9jkRu7WopdVrmiA,ChIJA7QTEzoW9DkRz6QzN1gNMcc
62,Dhanbad,Bhutgaria ,JAINAMORE,ChIJDVoSU5yi9jkRu7WopdVrmiA,ChIJbbcLp9M99DkRmhZSqL4g158
63,Dhanbad,Bhutgaria ,JARIDIH,ChIJDVoSU5yi9jkRu7WopdVrmiA,ChIJP9WWQNEU9DkRR5TGLzxeJGU
64,Dhanbad,Bhutgaria ,DUGHDA,ChIJDVoSU5yi9jkRu7WopdVrmiA,ChIJF2GQ8HXv9TkRd0pXFK2BerU
65,Dhanbad,Bhutgaria ,TELO,ChIJDVoSU5yi9jkRu7WopdVrmiA,ChIJDcHXVi8a9DkR3QInAvRfN2k
66,Dhanbad,Bhutgaria ,RAJABERA,ChIJDVoSU5yi9jkRu7WopdVrmiA,ChIJSZffdeL0HToR4aK6arUunVc
67,Dhanbad,Bhutgaria ,TARANARI,ChIJDVoSU5yi9jkRu7WopdVrmiA,ChIJk5ZVwj8L9DkRnkQ9hELWJps
68,Dhanbad,Bhutgaria ,PHUSRO,ChIJDVoSU5yi9jkRu7WopdVrmiA,ChIJsU3T4zUU9DkRksF2Wcdvc14
69,Dhanbad,Bhutgaria ,TUPKADIH,ChIJDVoSU5yi9jkRu7WopdVrmiA,ChIJ0YEICNgX9DkRQCQlhwWJZQs
70,Dhanbad,Bhutgaria ,JARANGDIH,ChIJDVoSU5yi9jkRu7WopdVrmiA,ChIJdZs3dz1r9DkRq3lULHro7DY
71,Dhanbad,Bhutgaria ,KURPANIA,ChIJDVoSU5yi9jkRu7WopdVrmiA,ChIJSaBr0rMU9DkRBHNfTGz8CLU
72,Dhanbad,Bhutgaria ,BERMO,ChIJDVoSU5yi9jkRu7WopdVrmiA,ChIJydLJq7AU9DkR9nz55_O0nbw
73,Dhanbad,Bhutgaria ,ANGWALI BOKARO,ChIJDVoSU5yi9jkRu7WopdVrmiA,ChIJPY2fjvQV9DkRCH0prT84_ic
74,Dhanbad,Bhutgaria ,JHIRKI,ChIJDVoSU5yi9jkRu7WopdVrmiA,ChIJ7fSvpXlB9DkRYBwGPPmcWuw
75,Dhanbad,Bhutgaria ,LALPANIA,ChIJDVoSU5yi9jkRu7WopdVrmiA,ChIJues3g8dn9DkRbkGZjPaE6uw
76,Dhanbad,Bhutgaria ,Utasara,ChIJDVoSU5yi9jkRu7WopdVrmiA,ChIJjxcTl6hB9DkROXil9NrPnUU
77,Dhanbad,Bhutgaria ,chalkari,ChIJDVoSU5yi9jkRu7WopdVrmiA,ChIJeVLuBCEV9DkRhKRQ48k6kqs
78,Dhanbad,Bhutgaria ,petarbar,ChIJDVoSU5yi9jkRu7WopdVrmiA,ChIJB-9vjVJB9DkR_rPB-EGpBIc
79,Dhanbad,Bhutgaria ,BHENDRA,ChIJDVoSU5yi9jkRu7WopdVrmiA,ChIJZdKaKJYa9DkRJCR39OnLghw
80,Dhanbad,Bhutgaria ,NAWADIH,ChIJDVoSU5yi9jkRu7WopdVrmiA,ChIJ6yQeJAkR9DkROxur_58o0Zk
81,Dhanbad,Bhutgaria ,CHIRUDIH,ChIJDVoSU5yi9jkRu7WopdVrmiA,ChIJEf7z7PsQ9DkRKY75zTR1f9Q
82,Dhanbad,Bhutgaria ,TARANGA,ChIJDVoSU5yi9jkRu7WopdVrmiA,ChIJ59wokEIZ9DkRyqeGmTEvX44
83,Dhanbad,Bhutgaria ,BARMASIA,ChIJDVoSU5yi9jkRu7WopdVrmiA,ChIJ6U8wVAUp9DkRKdEWYTR6reY
84,Dhanbad,Bhutgaria ,CHANDANKYARI,ChIJDVoSU5yi9jkRu7WopdVrmiA,ChIJxzWkqQub9jkRHyp4qgp0KU0
85,Dhanbad,Bhutgaria ,TALGARIA,ChIJDVoSU5yi9jkRu7WopdVrmiA,ChIJX-A3L8eY9jkRHNKD1WI23WY
86,Dhanbad,Bhutgaria ,HOSIR,ChIJDVoSU5yi9jkRu7WopdVrmiA,ChIJFxcrux9p9DkRIWZ_OWv1Ado
87,Dhanbad,Bhutgaria ,LALPANIA,ChIJDVoSU5yi9jkRu7WopdVrmiA,ChIJues3g8dn9DkRbkGZjPaE6uw
88,Dhanbad,Bhutgaria ,SAWANG,ChIJDVoSU5yi9jkRu7WopdVrmiA,ChIJj1KVAo8-9DkR376040XoK6o
89,Dhanbad,Bhutgaria ,GOMIA,ChIJDVoSU5yi9jkRu7WopdVrmiA,ChIJ0bFJ2lJp9DkRodiFQkLPBvU
90,Dhanbad,Bhutgaria ,SARAM,ChIJDVoSU5yi9jkRu7WopdVrmiA,ChIJ3QM7Mwlp9DkRosX4y2fs5to
91,Dhanbad,Bhutgaria ,JAMTARA,ChIJDVoSU5yi9jkRu7WopdVrmiA,ChIJR-nL5NzQ9jkRetRo6rnMMo8
92,Dhanbad,Bhutgaria ,SONBAD,ChIJDVoSU5yi9jkRu7WopdVrmiA,ChIJecOxK_JW8TkRSzjoS4PFR6k
93,Dhanbad,Bhutgaria ,MIHIJAM,ChIJDVoSU5yi9jkRu7WopdVrmiA,ChIJ2cYC-cLY9jkRse7OPpnGZsw
94,Dhanbad,Bhutgaria ,KARMATAND JAMTARA,ChIJDVoSU5yi9jkRu7WopdVrmiA,ChIJg_1FpObQ9jkRN6CkFVQBw04
95,Dhanbad,Bhutgaria ,KALAJHARIA JAMTARA,ChIJDVoSU5yi9jkRu7WopdVrmiA,ChIJi5wmF_XN9jkRk_gXgkivplk
96,Dhanbad,Bhutgaria ,SITALPUR,ChIJDVoSU5yi9jkRu7WopdVrmiA,ChIJdXQZC02U9jkROIgqGahtD_w
97,Dhanbad,Bhutgaria ,NALA,ChIJDVoSU5yi9jkRu7WopdVrmiA,ChIJ54i2Y3wl9zkRDbad6RPZ82M
98,Dhanbad,Bhutgaria ,KHERA,ChIJDVoSU5yi9jkRu7WopdVrmiA,ChIJGd3vd77YijkRQ1IqQgo3nTk
99,Dhanbad,Bhutgaria ,PALAJORI,ChIJDVoSU5yi9jkRu7WopdVrmiA,ChIJpTYz6_Q08TkRtPSu_xpIrq8
100,Dhanbad,Bhutgaria ,NARAYANPUR,ChIJDVoSU5yi9jkRu7WopdVrmiA,ChIJE5qSI0zK9jkRqPy_22x9h0w
101,Dhanbad,Bhutgaria ,PABIA,ChIJDVoSU5yi9jkRu7WopdVrmiA,ChIJ1artFmbO9jkREhSwx_wV8r4
102,Dhanbad,Bhutgaria ,FATEHPUR,ChIJDVoSU5yi9jkRu7WopdVrmiA,ChIJR3y0VLEs9zkR1oqC-BQLHgM
103,Dhanbad,Bhutgaria ,KUNDHAIT,ChIJDVoSU5yi9jkRu7WopdVrmiA,ChIJfbkJySE39zkRn7qYyHL_zHg
104,Dhanbad,Bhutgaria ,PALAJORI,ChIJDVoSU5yi9jkRu7WopdVrmiA,ChIJpTYz6_Q08TkRtPSu_xpIrq8
105,Dhanbad,Bhutgaria ,BHIMPAHARI,ChIJDVoSU5yi9jkRu7WopdVrmiA,ChIJ5xQLhmYt9zkRnmv9TdhxKzs
106,Dhanbad,Bhutgaria ,GIRIDIH,ChIJDVoSU5yi9jkRu7WopdVrmiA,ChIJXfkvHtdV8TkRiIHt-A-hvqU
107,Dhanbad,Bhutgaria ,PACHAMBHA,ChIJDVoSU5yi9jkRu7WopdVrmiA,ChIJj_fIIDxf8TkRzpoXDN8yiwI
108,Dhanbad,Bhutgaria ,BHANDARIDIH,ChIJDVoSU5yi9jkRu7WopdVrmiA,ChIJ9SWHI9NV8TkRXu9K07b9maY
109,Dhanbad,Bhutgaria ,MIRZAGANJ,ChIJDVoSU5yi9jkRu7WopdVrmiA,ChIJrTeJ0qzm8zkRyoZHaODC9iI
110,Dhanbad,Bhutgaria ,HIRODIH,ChIJDVoSU5yi9jkRu7WopdVrmiA,ChIJN0P4T-x18zkRriZ3zvKoqF0
111,Dhanbad,Bhutgaria ,JAMUA,ChIJDVoSU5yi9jkRu7WopdVrmiA,ChIJB4tfrTrk8zkRvgMt7WQAzKg
112,Dhanbad,Bhutgaria ,BIRNI,ChIJDVoSU5yi9jkRu7WopdVrmiA,ChIJk2ClJUbt8zkRuqSsIJincAU
113,Dhanbad,Bhutgaria ,CHITARDIH,ChIJDVoSU5yi9jkRu7WopdVrmiA,ChIJm2VoNRTq8zkR4SmEPbuUifw
114,Dhanbad,Bhutgaria ,KHARAGDIH,ChIJDVoSU5yi9jkRu7WopdVrmiA,ChIJd5U3NdHm8zkR-DQFk9fj9cQ
115,Dhanbad,Bhutgaria ,DUMMA,ChIJDVoSU5yi9jkRu7WopdVrmiA,ChIJ9boTRtoW8TkRA4zhT_BDksw
116,Dhanbad,Bhutgaria ,DHANWAR,ChIJDVoSU5yi9jkRu7WopdVrmiA,ChIJ_09-QqXr8zkR8OgdcczQfNc
117,Dhanbad,Bhutgaria ,RAJ DHANWAR,ChIJDVoSU5yi9jkRu7WopdVrmiA,ChIJ_09-QqXr8zkR8OgdcczQfNc
118,Dhanbad,Bhutgaria ,KUBRI,ChIJDVoSU5yi9jkRu7WopdVrmiA,ChIJ9xRAQF2U8zkRc4yKsWVjwfI
119,Dhanbad,Bhutgaria ,NAWAGARH,ChIJDVoSU5yi9jkRu7WopdVrmiA,ChIJs81g3hlW9DkR9YQmYSqtERA
120,Dhanbad,Bhutgaria ,DUMRI,ChIJDVoSU5yi9jkRu7WopdVrmiA,ChIJa324JLAO9DkRUB9AbPI8vic
121,Dhanbad,Bhutgaria ,BAGODAR,ChIJDVoSU5yi9jkRu7WopdVrmiA,ChIJ32biURh29DkRSDMIjftJG80
122,Dhanbad,Bhutgaria ,BISHNUGARH,ChIJDVoSU5yi9jkRu7WopdVrmiA,ChIJ26j9SMJ59DkRrkBGDAcK_JE
124,Dhanbad,Bhutgaria ,PIRTANR,ChIJDVoSU5yi9jkRu7WopdVrmiA,ChIJ6Yg9QiYH9DkRYO6SpUBET1Y
125,Dhanbad,Bhutgaria ,SARIYA,ChIJDVoSU5yi9jkRu7WopdVrmiA,ChIJ_4rVN3-L8zkR-YYPOSz_joo
126,Dhanbad,Bhutgaria ,GAWAN,ChIJDVoSU5yi9jkRu7WopdVrmiA,ChIJsYr02GS48zkRUy1M_-GBKMs
127,Dhanbad,Bhutgaria ,MALDA,ChIJDVoSU5yi9jkRu7WopdVrmiA,ChIJZ5fQV6y58zkRS1b7Bdbnqsk
128,Dhanbad,Bhutgaria ,CHATRO,ChIJDVoSU5yi9jkRu7WopdVrmiA,ChIJbW7mKADg8zkR44v-6nQhdNk
129,Dhanbad,Bhutgaria ,BENGABAD,ChIJDVoSU5yi9jkRu7WopdVrmiA,ChIJGeOV_m1a8TkRnx_nvVDfWfY
130,Dhanbad,Bhutgaria ,NAITAND,ChIJDVoSU5yi9jkRu7WopdVrmiA,ChIJTyemZOih8zkRGgY49u15rWk
131,Dhanbad,Bhutgaria ,Koderma,ChIJDVoSU5yi9jkRu7WopdVrmiA,ChIJkWNiZqoK8zkRL17-dZw_x4w
132,Dhanbad,Bhutgaria ,Khanudih,ChIJDVoSU5yi9jkRu7WopdVrmiA,ChIJEfWit0wZ9DkR_OJ8uNLb9Bg
133,Dhanbad,Bhutgaria ,KHATNAI,ChIJDVoSU5yi9jkRu7WopdVrmiA,ChIJDUlIKTj38DkRqDBhSslpcJo
134,Dhanbad,Bhutgaria ,Hazaribagh,ChIJDVoSU5yi9jkRu7WopdVrmiA,ChIJj1QmTxGc9DkRH5Zhu2joRb0
135,Dhanbad,Bhutgaria ,Tundi(Dhanbad),ChIJDVoSU5yi9jkRu7WopdVrmiA,ChIJAaTfD5mx9jkRvH1m7HfTaxo
136,Dhanbad,Bhutgaria ,Bhendra(Bokaro),ChIJDVoSU5yi9jkRu7WopdVrmiA,ChIJZdKaKJYa9DkRJCR39OnLghw
137,Dhanbad,Bhutgaria ,Dwarpahari(Giridih),ChIJDVoSU5yi9jkRu7WopdVrmiA,ChIJ8VF29SD78zkRBt3TQeehJRs
138,Dhanbad,Bhutgaria ,Kulgo(Giridih),ChIJDVoSU5yi9jkRu7WopdVrmiA,ChIJdUHdm5sL9DkRZeOH-2SlIyg
139,Dhanbad,Bhutgaria ,KARMAI(GIRIDIH),ChIJDVoSU5yi9jkRu7WopdVrmiA,ChIJ2z1d5_qz9jkRzodEfzd36Mc
140,Dhanbad,Bhutgaria ,GANDEY(GIRIDIH),ChIJDVoSU5yi9jkRu7WopdVrmiA,ChIJyx1uKpJO8TkRZMnVLldu3SM
141,Dhanbad,Bhutgaria ,Rampur(Sahibganj),ChIJDVoSU5yi9jkRu7WopdVrmiA,ChIJnaW4UT-L-jkRW_dnickVcLU
142,Ranchi ,Namkum,Ranchi,ChIJ7UISxC7i9DkRI69gBG6FBgY,ChIJ3bddqgTh9DkRPvSZaJ3UCdw
143,Ranchi ,Namkum,Sisai(Gumla),ChIJ7UISxC7i9DkRI69gBG6FBgY,ChIJmY03UhPaijkRYHICeuBLs_k
144,Ranchi ,Namkum,Angara,ChIJ7UISxC7i9DkRI69gBG6FBgY,ChIJyVI3jnv89DkR_NSQyc4uf_0
145,Ranchi ,Namkum,BAJRA,ChIJ7UISxC7i9DkRI69gBG6FBgY,ChIJybGCrjDe9DkRzRRawWGL47A
146,Ranchi ,Namkum,Balumath,ChIJ7UISxC7i9DkRI69gBG6FBgY,ChIJP4HxZaVPizkRZpgC6NzQyYM
147,Ranchi ,Namkum,Bano,ChIJ7UISxC7i9DkRI69gBG6FBgY,ChIJc7uomL2sijkRhz7tKl0LPHk
148,Ranchi ,Namkum,Bero,ChIJ7UISxC7i9DkRI69gBG6FBgY,ChIJz-0qof8p9TkRmVMARxoD73Q
149,Ranchi ,Namkum,Bhandra,ChIJ7UISxC7i9DkRI69gBG6FBgY,ChIJXyyJl-4oizkRs0PUZY7VpVY
150,Ranchi ,Namkum,BOOTY MORE,ChIJ7UISxC7i9DkRI69gBG6FBgY,ChIJZW2RKvjR9DkRSJ7KKrOykaE
151,Ranchi ,Namkum,Bundu,ChIJ7UISxC7i9DkRI69gBG6FBgY,ChIJySoWxIgH9TkRpDjsDWWe12E
152,Ranchi ,Namkum,Chanho,ChIJ7UISxC7i9DkRI69gBG6FBgY,ChIJ5STaVXfN9DkR24F2g-8I2-I
153,Ranchi ,Namkum,Chhatarmandu,ChIJ7UISxC7i9DkRI69gBG6FBgY,ChIJff05NAj29DkR0quDfXXIapA
154,Ranchi ,Namkum,CHUTIA,ChIJ7UISxC7i9DkRI69gBG6FBgY,ChIJqcjmec36izkRDO_P0myu9PA
155,Ranchi ,Namkum,CHUTUPALU,ChIJ7UISxC7i9DkRI69gBG6FBgY,ChIJbVlSftbw9DkRRQc3_VKFPgw
156,Ranchi ,Namkum,DALDALI GODOWN,ChIJ7UISxC7i9DkRI69gBG6FBgY,
157,Ranchi ,Namkum,DORANDA,ChIJ7UISxC7i9DkRI69gBG6FBgY,ChIJg7GRdrrh9DkRRjQedaggTjo
158,Ranchi ,Namkum,Gola,ChIJ7UISxC7i9DkRI69gBG6FBgY,ChIJIccTkGBa9DkRuZAZ68gzEA4
159,Ranchi ,Namkum,HATIA / SADABAHAR CHOWK,ChIJ7UISxC7i9DkRI69gBG6FBgY,ChIJCYq_0tUf9TkRh-mQuSIKqfo
160,Ranchi ,Namkum,Jaldega,ChIJ7UISxC7i9DkRI69gBG6FBgY,ChIJ2U_5VrKpijkRJL_9dQtYQ0A
161,Ranchi ,Namkum,JAMUDAG,ChIJ7UISxC7i9DkRI69gBG6FBgY,ChIJg0A8xtit9TkRpTi7RQJQj4Y
162,Ranchi ,Namkum,KADRU,ChIJ7UISxC7i9DkRI69gBG6FBgY,ChIJpeA27a3h9DkRUvG0cwq6w-E
163,Ranchi ,Namkum,KAMRE,ChIJ7UISxC7i9DkRI69gBG6FBgY,ChIJPf01_wve9DkRgqE1o4m5rqI
164,Ranchi ,Namkum,Kamre,ChIJ7UISxC7i9DkRI69gBG6FBgY,ChIJPf01_wve9DkRgqE1o4m5rqI
165,Ranchi ,Namkum,KANKE BLOCK,ChIJ7UISxC7i9DkRI69gBG6FBgY,ChIJeR5lPufm9DkRVSUTulF5FwE
166,Ranchi ,Namkum,KANKE ROAD,ChIJ7UISxC7i9DkRI69gBG6FBgY,ChIJy8Jgstfm9DkRQlN_o_Rr1EQ
167,Ranchi ,Namkum,KATHAL MORE,ChIJ7UISxC7i9DkRI69gBG6FBgY,ChIJjRmVun_g9DkRofsyq7eh9a8
168,Ranchi ,Namkum,Khunti,ChIJ7UISxC7i9DkRI69gBG6FBgY,ChIJc2Pwe9IX9TkRyxSwCTxyqI4
169,Ranchi ,Namkum,Kisko,ChIJ7UISxC7i9DkRI69gBG6FBgY,ChIJC7w8rO08izkR0mlarDxjNOo
170,Ranchi ,Namkum,KOKAR,ChIJ7UISxC7i9DkRI69gBG6FBgY,ChIJb4zYI2Lh9DkRQNVIxkt_asU
171,Ranchi ,Namkum,Kuru,ChIJ7UISxC7i9DkRI69gBG6FBgY,ChIJ6eSn1gMxizkRYmKWFL5QrCA
172,Ranchi ,Namkum,LALPUR,ChIJ7UISxC7i9DkRI69gBG6FBgY,ChIJN7u5tHHh9DkRUW-jQ3TusRA
173,Ranchi ,Namkum,MAHILONG,ChIJ7UISxC7i9DkRI69gBG6FBgY,ChIJsYNcKdri9DkREZlakGQAgYM
174,Ranchi ,Namkum,Mandu,ChIJ7UISxC7i9DkRI69gBG6FBgY,ChIJpaRQRniO9DkRFR6-DQ-Yzf0
175,Ranchi ,Namkum,MORAHABADI,ChIJ7UISxC7i9DkRI69gBG6FBgY,ChIJQTCkJUjh9DkRXw9zuc6OcHk
176,Ranchi ,Namkum,NAGRI CHOWK,ChIJ7UISxC7i9DkRI69gBG6FBgY,ChIJq6qq6k7f9DkRzFphs3hKchg
177,Ranchi ,Namkum,NAMKUM BARGAWA,ChIJ7UISxC7i9DkRI69gBG6FBgY,ChIJZWyQZnDi9DkRxkxcKWTHAOs
178,Ranchi ,Namkum,NEWARI,ChIJ7UISxC7i9DkRI69gBG6FBgY,ChIJlf3CrLplizkRqKDK-U2Kwjw
179,Ranchi ,Namkum,ORMANJHI,ChIJ7UISxC7i9DkRI69gBG6FBgY,ChIJE5bsE-b69DkRiw1siKAEDnQ
180,Ranchi ,Namkum,Patratu,ChIJ7UISxC7i9DkRI69gBG6FBgY,ChIJUfHZduDq9DkRddZq9B-kzyw
181,Ranchi ,Namkum,PITHORIYA,ChIJ7UISxC7i9DkRI69gBG6FBgY,ChIJJYizHBPo9DkRfHmALJmMo3c
182,Ranchi ,Namkum,Ramgarh Cantt.,ChIJ7UISxC7i9DkRI69gBG6FBgY,ChIJ_ZjPpfTz9DkR6cR7e_J7GM8
183,Ranchi ,Namkum,Rania,ChIJ7UISxC7i9DkRI69gBG6FBgY,ChIJp1LGRYdP9TkRBQyRugKiuds
184,Ranchi ,Namkum,Ratu,ChIJ7UISxC7i9DkRI69gBG6FBgY,ChIJQQX74y_c9DkRjjKWOWFNdvQ
185,Ranchi ,Namkum,RATU ROAD,ChIJ7UISxC7i9DkRI69gBG6FBgY,ChIJC0Ttrw7e9DkRXQfxL2Fh0_4
186,Ranchi ,Namkum,Senha,ChIJ7UISxC7i9DkRI69gBG6FBgY,ChIJ_YyY8H0hizkRdoAdyOF88iU
187,Ranchi ,Namkum,TAMAR,ChIJ7UISxC7i9DkRI69gBG6FBgY,ChIJwQPKAtum9TkRADgQZFe8aIY
188,Ranchi ,Namkum,TANGARBASLI,ChIJ7UISxC7i9DkRI69gBG6FBgY,ChIJf6yrTvXQ9DkRVGYHRnlSzcU
189,Ranchi ,Namkum,Tatisilwai,ChIJ7UISxC7i9DkRI69gBG6FBgY,ChIJpZYBwSnj9DkRW2NaqADT_rQ
190,Ranchi ,Namkum,TUPUDANA,ChIJ7UISxC7i9DkRI69gBG6FBgY,ChIJHzxxHqof9TkR86lmi9IFq1k
191,Ranchi ,Namkum,LOHARDAGA,ChIJ7UISxC7i9DkRI69gBG6FBgY,ChIJE-3xaHgkizkRh6d36S1nxdE
192,Ranchi ,Namkum,Gumla,ChIJ7UISxC7i9DkRI69gBG6FBgY,ChIJHT-4EiLpijkRxg38R0nECwQ
193,Ranchi ,Namkum,SISAI,ChIJ7UISxC7i9DkRI69gBG6FBgY,ChIJmY03UhPaijkRYHICeuBLs_k
194,Ranchi ,Namkum,KAMDARA,ChIJ7UISxC7i9DkRI69gBG6FBgY,ChIJFRwaayW1ijkRZ7vYFDAVGSg
195,Ranchi ,Namkum,CHANDWARA (Koderma),ChIJ7UISxC7i9DkRI69gBG6FBgY,ChIJ-5jUN0ly8zkRzANoqUs3Qqw
196,Ranchi ,Namkum,BARHI(Hazaribag),ChIJ7UISxC7i9DkRI69gBG6FBgY,ChIJzfnMP7Zv8zkRHkat9MPoIB4
197,Ranchi ,Namkum,JOGESWAR BIHAR(BOKAR,ChIJ7UISxC7i9DkRI69gBG6FBgY,ChIJvVDFpUtg9DkRukG7LgE7RYo
198,Deoghar,Kunda,Sahibganj,ChIJbaPCshQ98TkRNFMMxR-xBQo,ChIJLTKd1ZWY-jkR5pq9UfcGy3A
199,Deoghar,Kunda,GAWAN,ChIJbaPCshQ98TkRNFMMxR-xBQo,ChIJsYr02GS48zkRUy1M_-GBKMs
200,Deoghar,Kunda,MALDA,ChIJbaPCshQ98TkRNFMMxR-xBQo,ChIJZ5fQV6y58zkRS1b7Bdbnqsk
201,Deoghar,Kunda,CHATRO,ChIJbaPCshQ98TkRNFMMxR-xBQo,ChIJbW7mKADg8zkR44v-6nQhdNk
202,Deoghar,Kunda,BENGABAD,ChIJbaPCshQ98TkRNFMMxR-xBQo,ChIJGeOV_m1a8TkRnx_nvVDfWfY
203,Deoghar,Kunda,NAITANR,ChIJbaPCshQ98TkRNFMMxR-xBQo,ChIJTyemZOih8zkRGwY49u15rWk
204,Deoghar,Kunda,JASIDIH,ChIJbaPCshQ98TkRNFMMxR-xBQo,ChIJQ4QDysYV8TkRSuCKRjrqcOk
205,Deoghar,Kunda,DABAR GRAM,ChIJbaPCshQ98TkRNFMMxR-xBQo,ChIJ3_cAlOQV8TkR-rFdMaUFjaA
206,Deoghar,Kunda,SATSAG,ChIJbaPCshQ98TkRNFMMxR-xBQo,ChIJn3xi6vM98TkR3Itanf1dsNM
207,Deoghar,Kunda,VIP CHOWK,ChIJbaPCshQ98TkRNFMMxR-xBQo,ChIJddxRzCYW8TkRKnJ0hgVL2SI
208,Deoghar,Kunda,BARMASIA,ChIJbaPCshQ98TkRNFMMxR-xBQo,ChIJ6U8wVAUp9DkRKdEWYTR6reY
209,Deoghar,Kunda,RANGA MORE,ChIJbaPCshQ98TkRNFMMxR-xBQo,ChIJ27bZUMsX8TkRgqcwHqxw8ec
210,Deoghar,Kunda,BAIDHNATHPUR,ChIJbaPCshQ98TkRNFMMxR-xBQo,ChIJ_5u45V898TkRN-0QVDaq4Qk
211,Deoghar,Kunda,MAHESHMARA,ChIJbaPCshQ98TkRNFMMxR-xBQo,ChIJvaDzt-MX8TkRLP_QoVYj_Uc
212,Deoghar,Kunda,BAZAR SAMITY,ChIJbaPCshQ98TkRNFMMxR-xBQo,ChIJkUwwkGI98TkRRwj57_WSjx8
213,Deoghar,Kunda,JHOUSAGARHI,ChIJbaPCshQ98TkRNFMMxR-xBQo,ChIJtYO5EtgX8TkRroRg8UWLGh0
214,Deoghar,Kunda,CHOPA MORE,ChIJbaPCshQ98TkRNFMMxR-xBQo,ChIJU1jINbIZ8TkReGRiH8TLS34
215,Deoghar,Kunda,ROHINI,ChIJbaPCshQ98TkRNFMMxR-xBQo,ChIJPacaIho-8TkRumG25AZZPaM
216,Deoghar,Kunda,BAJLA CHOWK,ChIJbaPCshQ98TkRNFMMxR-xBQo,ChIJk2sh4oY98TkRxFiYUlFbHd4
217,Deoghar,Kunda,SATAR,ChIJbaPCshQ98TkRNFMMxR-xBQo,ChIJ5y-CQ1A88TkRRNGx04ICHnI
218,Deoghar,Kunda,SIMRA,ChIJbaPCshQ98TkRNFMMxR-xBQo,ChIJ0fqvMnU88TkR8RN2VqyeROU
219,Deoghar,Kunda,DEVIPUR,ChIJbaPCshQ98TkRNFMMxR-xBQo,ChIJwZL-MYVB8TkR8Xr4_B6C_Ig
220,Deoghar,Kunda,HUSSAINABAD,ChIJbaPCshQ98TkRNFMMxR-xBQo,ChIJUb5fMJFGjDkRvRDNvEpq7Hk
221,Deoghar,Kunda,BUDHAI,ChIJbaPCshQ98TkRNFMMxR-xBQo,ChIJFXieqyJH8TkRF_jJ1i4MV1E
222,Deoghar,Kunda,BHIRKIBAD,ChIJbaPCshQ98TkRNFMMxR-xBQo,ChIJFflevKhI8TkRianonnV1CHI
223,Deoghar,Kunda,SARWA,ChIJbaPCshQ98TkRNFMMxR-xBQo,ChIJ0wrfe4jT9DkRPyzFgBuo7Fs
224,Deoghar,Kunda,SARATH,ChIJbaPCshQ98TkRNFMMxR-xBQo,ChIJZYTFQTgp8TkRDbq7383fud8
225,Deoghar,Kunda,PATHROL,ChIJbaPCshQ98TkRNFMMxR-xBQo,ChIJF9-qCqsx8TkR5--C1XJDO54
226,Deoghar,Kunda,MADHUPUR,ChIJbaPCshQ98TkRNFMMxR-xBQo,ChIJx7Au-rM38TkRUAHgbnL8vuA
227,Deoghar,Kunda,CHITRA,ChIJbaPCshQ98TkRNFMMxR-xBQo,ChIJo2kR6Skr8TkRdZIc9akszQ0
228,Deoghar,Kunda,KHAGA,ChIJbaPCshQ98TkRNFMMxR-xBQo,ChIJORc2OAvV8DkREo7BuedHwy4
229,Deoghar,Kunda,MOHANPUR,ChIJbaPCshQ98TkRNFMMxR-xBQo,ChIJ560da4EY8TkRY-aNYmXyJug
230,Deoghar,Kunda,KOTHIYA,ChIJbaPCshQ98TkRNFMMxR-xBQo,ChIJXdC2rSsu8TkRDg3MberzaEw
231,Deoghar,Kunda,SARAIYAHAT,ChIJbaPCshQ98TkRNFMMxR-xBQo,ChIJKes35Zrm8DkRaOXEAMC3fxg
232,Deoghar,Kunda,HASDIHA,ChIJbaPCshQ98TkRNFMMxR-xBQo,ChIJTeNMY0jv8DkRDlok17WaK4k
233,Deoghar,Kunda,GHORMARA,ChIJbaPCshQ98TkRNFMMxR-xBQo,ChIJT3JeMoAY8TkROU1d6HQm4mU
234,Deoghar,Kunda,TALJHARI,ChIJbaPCshQ98TkRNFMMxR-xBQo,ChIJ2cMDcUqQ-jkRcOZo8rdRF4U
235,Deoghar,Kunda,SAHARA,ChIJbaPCshQ98TkRNFMMxR-xBQo,ChIJi3UOr1C98DkRiStxrphb3pw
236,Deoghar,Kunda,PODAIYAHAT,ChIJbaPCshQ98TkRNFMMxR-xBQo,ChIJLbTgHoPt8DkRqJD54SbKA58
237,Deoghar,Kunda,HARHARI,ChIJbaPCshQ98TkRNFMMxR-xBQo,ChIJBTnScKWV9jkRC-RBHXJxvtA
238,Deoghar,Kunda,SUGABATHAN,ChIJbaPCshQ98TkRNFMMxR-xBQo,
239,Deoghar,Kunda,PANDEYBARA,ChIJbaPCshQ98TkRNFMMxR-xBQo,ChIJy2m2n1lp8zkRML79YVq6DwI
240,Deoghar,Kunda,DEODARH,ChIJbaPCshQ98TkRNFMMxR-xBQo,ChIJAQ8TDygW8TkRSz6HjaOli-0
241,Deoghar,Kunda,SARKANDA CHOWK,ChIJbaPCshQ98TkRNFMMxR-xBQo,ChIJsTuvRcj08DkRKjUF21w05K8
242,Deoghar,Kunda,PIRPAINTI ,ChIJbaPCshQ98TkRNFMMxR-xBQo,ChIJe9w7OqwN8DkRPa6MFWGx5w8
243,Deoghar,Kunda,VIR KUNWAR SINGH CHOWK,ChIJbaPCshQ98TkRNFMMxR-xBQo,ChIJd_ySJfjg9DkRv2kSnRfWTDs
244,Deoghar,Kunda,GORHI CHOWK,ChIJbaPCshQ98TkRNFMMxR-xBQo,
245,Deoghar,Kunda,GANGTA CHOWK,ChIJbaPCshQ98TkRNFMMxR-xBQo,ChIJj-ygsdv08DkRktCvMZw5XEA
246,Deoghar,Kunda,BHATDIHA,ChIJbaPCshQ98TkRNFMMxR-xBQo,ChIJ076dqc708DkRm1DQ1H7ICxk
247,Deoghar,Kunda,KHATNAI,ChIJbaPCshQ98TkRNFMMxR-xBQo,ChIJDUlIKTj38DkRqDBhSslpcJo
248,Deoghar,Kunda,JAMNI,ChIJbaPCshQ98TkRNFMMxR-xBQo,ChIJ1yVWICqk8DkR4PmZYdP0On0
249,Deoghar,Kunda,CHANDNI CHOWK,ChIJbaPCshQ98TkRNFMMxR-xBQo,ChIJ10VpjrUf9TkRXsE6SatILpU
250,Deoghar,Kunda,SARONI BAZAR ,ChIJbaPCshQ98TkRNFMMxR-xBQo,
252,Deoghar,Kunda,TESO,ChIJbaPCshQ98TkRNFMMxR-xBQo,ChIJK9w0hch--jkRfEm1mR2fo0g
253,Deoghar,Kunda,SUNDARPAHARI,ChIJbaPCshQ98TkRNFMMxR-xBQo,ChIJ1TwqKtKO8DkRy-Sqjmvuvq8
254,Deoghar,Kunda,BHADARIA,ChIJbaPCshQ98TkRNFMMxR-xBQo,ChIJ12z18eVi8DkR9IMICi-ICo4
255,Deoghar,Kunda,GANDHI GRAM,ChIJbaPCshQ98TkRNFMMxR-xBQo,ChIJ-wlUy0hg8DkRMeGBYE1QCFI
256,Deoghar,Kunda,PATHARGAMA,ChIJbaPCshQ98TkRNFMMxR-xBQo,ChIJebsUwxBh8DkRjBgq-2qaaO4
257,Deoghar,Kunda,MOHANPUR,ChIJbaPCshQ98TkRNFMMxR-xBQo,ChIJ560da4EY8TkRY-aNYmXyJug
258,Deoghar,Kunda,MAHAGAMA,ChIJbaPCshQ98TkRNFMMxR-xBQo,ChIJyX2OBQZl8DkRUd4RwwUQBiE
259,Deoghar,Kunda,KECHUA CHOWK,ChIJbaPCshQ98TkRNFMMxR-xBQo,ChIJoY8HVMRl8DkRoAOVpruiEiQ
260,Deoghar,Kunda,PARSA BAZAR,ChIJbaPCshQ98TkRNFMMxR-xBQo,ChIJ4Tm6-sSn8jkRLRt8FPBQFK0
261,Deoghar,Kunda,MAHESHPUR,ChIJbaPCshQ98TkRNFMMxR-xBQo,ChIJq-6sumsT-jkRPm4OVX8BCWw
262,Deoghar,Kunda,BASANTRAI,ChIJbaPCshQ98TkRNFMMxR-xBQo,ChIJ-Ry_YsBd8DkRLSqNKqc8_Sw
263,Deoghar,Kunda,HANWARA,ChIJbaPCshQ98TkRNFMMxR-xBQo,ChIJn90IUh1o8DkRhzZ9J9Y-FM4
264,Deoghar,Kunda,NARAINI,ChIJbaPCshQ98TkRNFMMxR-xBQo,ChIJO8SDCg1o8DkR2d0Rh7Jf0-c
265,Deoghar,Kunda,DIGGI,ChIJbaPCshQ98TkRNFMMxR-xBQo,ChIJG-BUzVlo8DkRx0CoqC34E0c
266,Deoghar,Kunda,srimatpur godda,ChIJbaPCshQ98TkRNFMMxR-xBQo,
267,Deoghar,Kunda,LALMATIA,ChIJbaPCshQ98TkRNFMMxR-xBQo,ChIJr2uXTEJl8DkRFpJCkxCVPqk
268,Deoghar,Kunda,LOHANDIA,ChIJbaPCshQ98TkRNFMMxR-xBQo,ChIJl9UEC0ll8DkRKTdHYbpWwS4
269,Deoghar,Kunda,marpa,ChIJbaPCshQ98TkRNFMMxR-xBQo,ChIJ880XnxBv8DkRaJD4-CaDFqE
270,Deoghar,Kunda,MEHRMA,ChIJbaPCshQ98TkRNFMMxR-xBQo,ChIJ2ToQQ89t8DkRwH1eBvgo8qo
271,Deoghar,Kunda,SHIKARPUR,ChIJbaPCshQ98TkRNFMMxR-xBQo,ChIJGe2VU11ZjDkRwQlyYBQpYM0
272,Deoghar,Kunda,ASANBANI,ChIJbaPCshQ98TkRNFMMxR-xBQo,ChIJj5pGUbGs8DkR0EHR0kfDE8g
273,Deoghar,Kunda,RAWESHWAR,ChIJbaPCshQ98TkRNFMMxR-xBQo,
274,Deoghar,Kunda,MASANJOR,ChIJbaPCshQ98TkRNFMMxR-xBQo,ChIJbX1y865M9zkR5QnnBrosYXc
275,Deoghar,Kunda,MASALIA,ChIJbaPCshQ98TkRNFMMxR-xBQo,ChIJherALh3L8DkRfsPgiEsjlH0
276,Deoghar,Kunda,KATHIKUND,ChIJbaPCshQ98TkRNFMMxR-xBQo,ChIJNawEBVOk8DkRjmhKl3sQUkk
277,Deoghar,Kunda,JARMUNDI,ChIJbaPCshQ98TkRNFMMxR-xBQo,ChIJa_IMb1Hb8DkRfhEIfLSmxFc
278,Deoghar,Kunda,BASHUKINATH,ChIJbaPCshQ98TkRNFMMxR-xBQo,ChIJYyKsqqPE8DkRQV46RaRonDI
279,Deoghar,Kunda,JAMA,ChIJbaPCshQ98TkRNFMMxR-xBQo,ChIJBa-3anbH8DkRwtOqp2qaqec
280,Deoghar,Kunda,MAHARO,ChIJbaPCshQ98TkRNFMMxR-xBQo,ChIJSZA8-fDH8DkRM8IvyjKK-RY
281,Deoghar,Kunda,DUMKA,ChIJbaPCshQ98TkRNFMMxR-xBQo,ChIJZYAp3qm38DkRMJRYJdomYZE
282,Deoghar,Kunda,BARAPALASI,ChIJbaPCshQ98TkRNFMMxR-xBQo,ChIJz3XQVx7H8DkRHQK7O2GKIuA
283,Deoghar,Kunda,GOPIKANKAN,ChIJbaPCshQ98TkRNFMMxR-xBQo,
284,Deoghar,Kunda,AMRAPARA,ChIJbaPCshQ98TkRNFMMxR-xBQo,ChIJz87shDd1-jkRlBNvGrbhfac
285,Deoghar,Kunda,LITTIPARA,ChIJbaPCshQ98TkRNFMMxR-xBQo,ChIJnYgipf95-jkRgMNcSoSMPNw
286,Deoghar,Kunda,HIRANPUR,ChIJbaPCshQ98TkRNFMMxR-xBQo,ChIJPbD9SUVl-jkRIHIistqcQNg
287,Deoghar,Kunda,DHARAMPUR,ChIJbaPCshQ98TkRNFMMxR-xBQo,ChIJMXWpBJ6T8zkR8X4AfVsRu9A
288,Deoghar,Kunda,PAKUR,ChIJbaPCshQ98TkRNFMMxR-xBQo,ChIJiU_0Adxp-jkRor5xko-FEms
289,Deoghar,Kunda,PAKURIA,ChIJbaPCshQ98TkRNFMMxR-xBQo,ChIJcydupm4P-jkR0z2y6YP5D2k
290,Deoghar,Kunda,Maheshpur(P),ChIJbaPCshQ98TkRNFMMxR-xBQo,ChIJq-6sumsT-jkRPm4OVX8BCWw
291,Deoghar,Kunda,BARHARWA(SAHIBGANJ),ChIJbaPCshQ98TkRNFMMxR-xBQo,ChIJNefIrCZi-jkRqu9PINEK8qU
292,Deoghar,Kunda,GUMANI(SAHIBGANJ),ChIJbaPCshQ98TkRNFMMxR-xBQo,ChIJLzTNu01h-jkREnLEk5fPwvE
293,Deoghar,Kunda,KOTAL POKHAR(SAHIBGA,ChIJbaPCshQ98TkRNFMMxR-xBQo,ChIJOWluMapn-jkRAksx4wUFxqk
294,Deoghar,Kunda,UDHWA(SAHIBGANJ),ChIJbaPCshQ98TkRNFMMxR-xBQo,ChIJzepwAxWL-jkR-IbFLMedvZQ
295,Deoghar,Kunda,PATHNA(SAHIBGANJ),ChIJbaPCshQ98TkRNFMMxR-xBQo,ChIJI1E-VDJi-jkRDyEcRGji5QI
296,Deoghar,Kunda,BARHAIT(SAHIBGANJ),ChIJbaPCshQ98TkRNFMMxR-xBQo,ChIJqyG8JKaA-jkRfJ3jJKfNHpM
297,Deoghar,Kunda,BORIO(SAHIBGANJ),ChIJbaPCshQ98TkRNFMMxR-xBQo,ChIJE8lbtAiD-jkR9rmCE-xEtNM
298,Deoghar,Kunda,MANDRO(SAHIBGANJ),ChIJbaPCshQ98TkRNFMMxR-xBQo,ChIJEY7Dd0N28DkRiBZRop8Wp2A
299,Deoghar,Kunda,RAJMAHAL(SAHIBGANJ),ChIJbaPCshQ98TkRNFMMxR-xBQo,ChIJ_UuZgT6N-jkRqHfojIXMv00
300,Deoghar,Kunda,TINPAHAR(SAHIBGANJ),ChIJbaPCshQ98TkRNFMMxR-xBQo,ChIJxX0ln9-O-jkRkwRBLQfXxZU
142,Ranchi ,Kathalmore,Ranchi,ChIJ16QbqEne9DkREN4SSRUWT1M,ChIJ3bddqgTh9DkRPvSZaJ3UCdw
143,Ranchi ,Kathalmore,Sisai(Gumla),ChIJ16QbqEne9DkREN4SSRUWT1M,ChIJmY03UhPaijkRYHICeuBLs_k
144,Ranchi ,Kathalmore,Angara,ChIJ16QbqEne9DkREN4SSRUWT1M,ChIJyVI3jnv89DkR_NSQyc4uf_0
145,Ranchi ,Kathalmore,BAJRA,ChIJ16QbqEne9DkREN4SSRUWT1M,ChIJybGCrjDe9DkRzRRawWGL47A
146,Ranchi ,Kathalmore,Balumath,ChIJ16QbqEne9DkREN4SSRUWT1M,ChIJP4HxZaVPizkRZpgC6NzQyYM
147,Ranchi ,Kathalmore,Bano,ChIJ16QbqEne9DkREN4SSRUWT1M,ChIJc7uomL2sijkRhz7tKl0LPHk
148,Ranchi ,Kathalmore,Bero,ChIJ16QbqEne9DkREN4SSRUWT1M,ChIJz-0qof8p9TkRmVMARxoD73Q
149,Ranchi ,Kathalmore,Bhandra,ChIJ16QbqEne9DkREN4SSRUWT1M,ChIJXyyJl-4oizkRs0PUZY7VpVY
150,Ranchi ,Kathalmore,BOOTY MORE,ChIJ16QbqEne9DkREN4SSRUWT1M,ChIJZW2RKvjR9DkRSJ7KKrOykaE
151,Ranchi ,Kathalmore,Bundu,ChIJ16QbqEne9DkREN4SSRUWT1M,ChIJySoWxIgH9TkRpDjsDWWe12E
152,Ranchi ,Kathalmore,Chanho,ChIJ16QbqEne9DkREN4SSRUWT1M,ChIJ5STaVXfN9DkR24F2g-8I2-I
153,Ranchi ,Kathalmore,Chhatarmandu,ChIJ16QbqEne9DkREN4SSRUWT1M,ChIJff05NAj29DkR0quDfXXIapA
154,Ranchi ,Kathalmore,CHUTIA,ChIJ16QbqEne9DkREN4SSRUWT1M,ChIJqcjmec36izkRDO_P0myu9PA
155,Ranchi ,Kathalmore,CHUTUPALU,ChIJ16QbqEne9DkREN4SSRUWT1M,ChIJbVlSftbw9DkRRQc3_VKFPgw
156,Ranchi ,Kathalmore,DALDALI GODOWN,ChIJ16QbqEne9DkREN4SSRUWT1M,
157,Ranchi ,Kathalmore,DORANDA,ChIJ16QbqEne9DkREN4SSRUWT1M,ChIJg7GRdrrh9DkRRjQedaggTjo
158,Ranchi ,Kathalmore,Gola,ChIJ16QbqEne9DkREN4SSRUWT1M,ChIJIccTkGBa9DkRuZAZ68gzEA4
159,Ranchi ,Kathalmore,SADABAHAR CHOWK ,ChIJ16QbqEne9DkREN4SSRUWT1M,ChIJHybsoQ3i9DkRTmnCu2VxwAs
160,Ranchi ,Kathalmore,SADABAHAR CHOWK ,ChIJ16QbqEne9DkREN4SSRUWT1M,ChIJHybsoQ3i9DkRTmnCu2VxwAs
161,Ranchi ,Kathalmore,JAMUDAG,ChIJ16QbqEne9DkREN4SSRUWT1M,ChIJg0A8xtit9TkRpTi7RQJQj4Y
162,Ranchi ,Kathalmore,KADRU,ChIJ16QbqEne9DkREN4SSRUWT1M,ChIJpeA27a3h9DkRUvG0cwq6w-E
163,Ranchi ,Kathalmore,KAMRE,ChIJ16QbqEne9DkREN4SSRUWT1M,ChIJPf01_wve9DkRgqE1o4m5rqI
164,Ranchi ,Kathalmore,Kamre,ChIJ16QbqEne9DkREN4SSRUWT1M,ChIJPf01_wve9DkRgqE1o4m5rqI
165,Ranchi ,Kathalmore,KANKE BLOCK,ChIJ16QbqEne9DkREN4SSRUWT1M,ChIJeR5lPufm9DkRVSUTulF5FwE
166,Ranchi ,Kathalmore,KANKE ROAD,ChIJ16QbqEne9DkREN4SSRUWT1M,ChIJy8Jgstfm9DkRQlN_o_Rr1EQ
167,Ranchi ,Kathalmore,KATHAL MORE,ChIJ16QbqEne9DkREN4SSRUWT1M,ChIJjRmVun_g9DkRofsyq7eh9a8
168,Ranchi ,Kathalmore,Khunti,ChIJ16QbqEne9DkREN4SSRUWT1M,ChIJc2Pwe9IX9TkRyxSwCTxyqI4
169,Ranchi ,Kathalmore,Kisko,ChIJ16QbqEne9DkREN4SSRUWT1M,ChIJC7w8rO08izkR0mlarDxjNOo
170,Ranchi ,Kathalmore,KOKAR,ChIJ16QbqEne9DkREN4SSRUWT1M,ChIJb4zYI2Lh9DkRQNVIxkt_asU
171,Ranchi ,Kathalmore,Kuru,ChIJ16QbqEne9DkREN4SSRUWT1M,ChIJ6eSn1gMxizkRYmKWFL5QrCA
172,Ranchi ,Kathalmore,LALPUR,ChIJ16QbqEne9DkREN4SSRUWT1M,ChIJN7u5tHHh9DkRUW-jQ3TusRA
173,Ranchi ,Kathalmore,MAHILONG,ChIJ16QbqEne9DkREN4SSRUWT1M,ChIJsYNcKdri9DkREZlakGQAgYM
174,Ranchi ,Kathalmore,Mandu,ChIJ16QbqEne9DkREN4SSRUWT1M,ChIJpaRQRniO9DkRFR6-DQ-Yzf0
175,Ranchi ,Kathalmore,MORAHABADI,ChIJ16QbqEne9DkREN4SSRUWT1M,ChIJQTCkJUjh9DkRXw9zuc6OcHk
176,Ranchi ,Kathalmore,NAGRI,ChIJ16QbqEne9DkREN4SSRUWT1M,ChIJKayFBlPm9DkR90-m3Q-xb18
177,Ranchi ,Kathalmore,NAMKUM BARGAWA,ChIJ16QbqEne9DkREN4SSRUWT1M,ChIJZWyQZnDi9DkRxkxcKWTHAOs
178,Ranchi ,Kathalmore,NEWARI,ChIJ16QbqEne9DkREN4SSRUWT1M,ChIJlf3CrLplizkRqKDK-U2Kwjw
179,Ranchi ,Kathalmore,ORMANJHI,ChIJ16QbqEne9DkREN4SSRUWT1M,ChIJE5bsE-b69DkRiw1siKAEDnQ
180,Ranchi ,Kathalmore,Patratu,ChIJ16QbqEne9DkREN4SSRUWT1M,ChIJUfHZduDq9DkRddZq9B-kzyw
181,Ranchi ,Kathalmore,PITHORIYA,ChIJ16QbqEne9DkREN4SSRUWT1M,ChIJJYizHBPo9DkRfHmALJmMo3c
182,Ranchi ,Kathalmore,Ramgarh Cantt.,ChIJ16QbqEne9DkREN4SSRUWT1M,ChIJ_ZjPpfTz9DkR6cR7e_J7GM8
183,Ranchi ,Kathalmore,Rania,ChIJ16QbqEne9DkREN4SSRUWT1M,ChIJp1LGRYdP9TkRBQyRugKiuds
184,Ranchi ,Kathalmore,Ratu,ChIJ16QbqEne9DkREN4SSRUWT1M,ChIJQQX74y_c9DkRjjKWOWFNdvQ
185,Ranchi ,Kathalmore,RATU ROAD,ChIJ16QbqEne9DkREN4SSRUWT1M,ChIJC0Ttrw7e9DkRXQfxL2Fh0_4
186,Ranchi ,Kathalmore,Senha,ChIJ16QbqEne9DkREN4SSRUWT1M,ChIJ_YyY8H0hizkRdoAdyOF88iU
187,Ranchi ,Kathalmore,Tamar,ChIJ16QbqEne9DkREN4SSRUWT1M,ChIJwQPKAtum9TkRADgQZFe8aIY
188,Ranchi ,Kathalmore,TANGARBASLI,ChIJ16QbqEne9DkREN4SSRUWT1M,ChIJf6yrTvXQ9DkRVGYHRnlSzcU
189,Ranchi ,Kathalmore,Tatisilwai,ChIJ16QbqEne9DkREN4SSRUWT1M,ChIJpZYBwSnj9DkRW2NaqADT_rQ
190,Ranchi ,Kathalmore,TIPUDANA,ChIJ16QbqEne9DkREN4SSRUWT1M,ChIJHzxxHqof9TkR86lmi9IFq1k
191,Ranchi ,Kathalmore,LOHARDAGA,ChIJ16QbqEne9DkREN4SSRUWT1M,ChIJE-3xaHgkizkRh6d36S1nxdE
192,Ranchi ,Kathalmore,Gumla,ChIJ16QbqEne9DkREN4SSRUWT1M,ChIJHT-4EiLpijkRxg38R0nECwQ
193,Ranchi ,Kathalmore,SISAI,ChIJ16QbqEne9DkREN4SSRUWT1M,ChIJmY03UhPaijkRYHICeuBLs_k
194,Ranchi ,Kathalmore,KAMDARA,ChIJ16QbqEne9DkREN4SSRUWT1M,ChIJFRwaayW1ijkRZ7vYFDAVGSg
195,Ranchi ,Kathalmore,CHANDWARA (Koderma),ChIJ16QbqEne9DkREN4SSRUWT1M,ChIJ-5jUN0ly8zkRzANoqUs3Qqw
196,Ranchi ,Kathalmore,BARHI(Hazaribag),ChIJ16QbqEne9DkREN4SSRUWT1M,ChIJzfnMP7Zv8zkRHkat9MPoIB4
197,Ranchi ,Kathalmore,JOGESWAR BIHAR,ChIJ16QbqEne9DkREN4SSRUWT1M,ChIJvVDFpUtg9DkRukG7LgE7RYo
198,Deoghar,Bazar Samiti,Sahibganj,ChIJkUwwkGI98TkRRwj57_WSjx8,ChIJLTKd1ZWY-jkR5pq9UfcGy3A
199,Deoghar,Bazar Samiti,GAWAN GIRIDIH,ChIJkUwwkGI98TkRRwj57_WSjx8,ChIJsYr02GS48zkRUy1M_-GBKMs
200,Deoghar,Bazar Samiti,MALDA,ChIJkUwwkGI98TkRRwj57_WSjx8,ChIJZ5fQV6y58zkRS1b7Bdbnqsk
201,Deoghar,Bazar Samiti,CHATRO,ChIJkUwwkGI98TkRRwj57_WSjx8,ChIJbW7mKADg8zkR44v-6nQhdNk
202,Deoghar,Bazar Samiti,BENGABAD,ChIJkUwwkGI98TkRRwj57_WSjx8,ChIJGeOV_m1a8TkRnx_nvVDfWfY
203,Deoghar,Bazar Samiti,NAITANR,ChIJkUwwkGI98TkRRwj57_WSjx8,ChIJTyemZOih8zkRGwY49u15rWk
204,Deoghar,Bazar Samiti,JASIDIH,ChIJkUwwkGI98TkRRwj57_WSjx8,ChIJQ4QDysYV8TkRSuCKRjrqcOk
205,Deoghar,Bazar Samiti,DABAR GRAM,ChIJkUwwkGI98TkRRwj57_WSjx8,ChIJ3_cAlOQV8TkR-rFdMaUFjaA
206,Deoghar,Bazar Samiti,SATSANG CHOWK,ChIJkUwwkGI98TkRRwj57_WSjx8,ChIJZ6Ux1CEW8TkRXUaRtWrHRUY
207,Deoghar,Bazar Samiti,VIP CHOWK,ChIJkUwwkGI98TkRRwj57_WSjx8,ChIJddxRzCYW8TkRKnJ0hgVL2SI
208,Deoghar,Bazar Samiti,BARMASIA,ChIJkUwwkGI98TkRRwj57_WSjx8,ChIJ6U8wVAUp9DkRKdEWYTR6reY
209,Deoghar,Bazar Samiti,RANGA MORE,ChIJkUwwkGI98TkRRwj57_WSjx8,ChIJ27bZUMsX8TkRgqcwHqxw8ec
210,Deoghar,Bazar Samiti,BAIDHNATHPUR,ChIJkUwwkGI98TkRRwj57_WSjx8,ChIJ_5u45V898TkRN-0QVDaq4Qk
211,Deoghar,Bazar Samiti,MAHESHMARA,ChIJkUwwkGI98TkRRwj57_WSjx8,ChIJvaDzt-MX8TkRLP_QoVYj_Uc
212,Deoghar,Bazar Samiti,BAZAR SAMITY,ChIJkUwwkGI98TkRRwj57_WSjx8,ChIJkUwwkGI98TkRRwj57_WSjx8
213,Deoghar,Bazar Samiti,JHOUSAGARHI,ChIJkUwwkGI98TkRRwj57_WSjx8,ChIJtYO5EtgX8TkRroRg8UWLGh0
214,Deoghar,Bazar Samiti,CHOPA MORE,ChIJkUwwkGI98TkRRwj57_WSjx8,ChIJU1jINbIZ8TkReGRiH8TLS34
215,Deoghar,Bazar Samiti,ROHINI,ChIJkUwwkGI98TkRRwj57_WSjx8,ChIJPacaIho-8TkRumG25AZZPaM
216,Deoghar,Bazar Samiti,BAJLA CHOWK,ChIJkUwwkGI98TkRRwj57_WSjx8,ChIJk2sh4oY98TkRxFiYUlFbHd4
217,Deoghar,Bazar Samiti,SATAR,ChIJkUwwkGI98TkRRwj57_WSjx8,ChIJ5y-CQ1A88TkRRNGx04ICHnI
218,Deoghar,Bazar Samiti,CHITOLORIYA,ChIJkUwwkGI98TkRRwj57_WSjx8,
219,Deoghar,Bazar Samiti,DEVIPUR,ChIJkUwwkGI98TkRRwj57_WSjx8,ChIJwZL-MYVB8TkR8Xr4_B6C_Ig
220,Deoghar,Bazar Samiti,HUSSAINABAD,ChIJkUwwkGI98TkRRwj57_WSjx8,ChIJUb5fMJFGjDkRvRDNvEpq7Hk
221,Deoghar,Bazar Samiti,BHUDDAI,ChIJkUwwkGI98TkRRwj57_WSjx8,
222,Deoghar,Bazar Samiti,BHIRKHIBAD,ChIJkUwwkGI98TkRRwj57_WSjx8,ChIJFflevKhI8TkRianonnV1CHI
223,Deoghar,Bazar Samiti,SARWA,ChIJkUwwkGI98TkRRwj57_WSjx8,ChIJ0wrfe4jT9DkRPyzFgBuo7Fs
224,Deoghar,Bazar Samiti,SARATH,ChIJkUwwkGI98TkRRwj57_WSjx8,ChIJZYTFQTgp8TkRDbq7383fud8
225,Deoghar,Bazar Samiti,PATHROL,ChIJkUwwkGI98TkRRwj57_WSjx8,ChIJF9-qCqsx8TkR5--C1XJDO54
226,Deoghar,Bazar Samiti,MADHUPUR,ChIJkUwwkGI98TkRRwj57_WSjx8,ChIJx7Au-rM38TkRUAHgbnL8vuA
227,Deoghar,Bazar Samiti,CHITRA,ChIJkUwwkGI98TkRRwj57_WSjx8,ChIJo2kR6Skr8TkRdZIc9akszQ0
228,Deoghar,Bazar Samiti,KHAGA,ChIJkUwwkGI98TkRRwj57_WSjx8,ChIJORc2OAvV8DkREo7BuedHwy4
229,Deoghar,Bazar Samiti,MOHANPUR,ChIJkUwwkGI98TkRRwj57_WSjx8,ChIJ560da4EY8TkRY-aNYmXyJug
230,Deoghar,Bazar Samiti,KOTHIYA,ChIJkUwwkGI98TkRRwj57_WSjx8,ChIJXdC2rSsu8TkRDg3MberzaEw
231,Deoghar,Bazar Samiti,SARAIYAHAT,ChIJkUwwkGI98TkRRwj57_WSjx8,ChIJKes35Zrm8DkRaOXEAMC3fxg
232,Deoghar,Bazar Samiti,HASDIHA,ChIJkUwwkGI98TkRRwj57_WSjx8,ChIJTeNMY0jv8DkRDlok17WaK4k
233,Deoghar,Bazar Samiti,GHORMARA,ChIJkUwwkGI98TkRRwj57_WSjx8,ChIJT3JeMoAY8TkROU1d6HQm4mU
234,Deoghar,Bazar Samiti,TALJHARI,ChIJkUwwkGI98TkRRwj57_WSjx8,ChIJ2cMDcUqQ-jkRcOZo8rdRF4U
235,Deoghar,Bazar Samiti,SAHARA,ChIJkUwwkGI98TkRRwj57_WSjx8,ChIJi3UOr1C98DkRiStxrphb3pw
236,Deoghar,Bazar Samiti,PODAIYAHAT,ChIJkUwwkGI98TkRRwj57_WSjx8,ChIJLbTgHoPt8DkRqJD54SbKA58
237,Deoghar,Bazar Samiti,HARIYARI,ChIJkUwwkGI98TkRRwj57_WSjx8,ChIJ6fPTqfDy8DkREWk60LSLAKs
238,Deoghar,Bazar Samiti,SUGABATHAN,ChIJkUwwkGI98TkRRwj57_WSjx8,
239,Deoghar,Bazar Samiti,PANDEYBARA,ChIJkUwwkGI98TkRRwj57_WSjx8,ChIJy2m2n1lp8zkRML79YVq6DwI
240,Deoghar,Bazar Samiti,DEODARH,ChIJkUwwkGI98TkRRwj57_WSjx8,ChIJAQ8TDygW8TkRSz6HjaOli-0
241,Deoghar,Bazar Samiti,SARKANDA CHOWK,ChIJkUwwkGI98TkRRwj57_WSjx8,ChIJsTuvRcj08DkRKjUF21w05K8
242,Deoghar,Bazar Samiti,PIRPAITHI ROAD,ChIJkUwwkGI98TkRRwj57_WSjx8,
243,Deoghar,Bazar Samiti,BIRKUWAR  CHOWK,ChIJkUwwkGI98TkRRwj57_WSjx8,
244,Deoghar,Bazar Samiti,GORHI CHOWK,ChIJkUwwkGI98TkRRwj57_WSjx8,
245,Deoghar,Bazar Samiti,GANGTA CHOWK,ChIJkUwwkGI98TkRRwj57_WSjx8,ChIJj-ygsdv08DkRktCvMZw5XEA
246,Deoghar,Bazar Samiti,BHATDIHA,ChIJkUwwkGI98TkRRwj57_WSjx8,ChIJ076dqc708DkRm1DQ1H7ICxk
247,Deoghar,Bazar Samiti,KHATNAI,ChIJkUwwkGI98TkRRwj57_WSjx8,ChIJDUlIKTj38DkRqDBhSslpcJo
248,Deoghar,Bazar Samiti,JAMNI,ChIJkUwwkGI98TkRRwj57_WSjx8,ChIJ1yVWICqk8DkR4PmZYdP0On0
249,Deoghar,Bazar Samiti,CHANDNI CHOWK,ChIJkUwwkGI98TkRRwj57_WSjx8,ChIJ10VpjrUf9TkRXsE6SatILpU
250,Deoghar,Bazar Samiti,SARONI BAZAR DEOGHAR,ChIJkUwwkGI98TkRRwj57_WSjx8,ChIJhwAAACcW8TkRku8keay_LgM
252,Deoghar,Bazar Samiti,TESO,ChIJkUwwkGI98TkRRwj57_WSjx8,ChIJK9w0hch--jkRfEm1mR2fo0g
253,Deoghar,Bazar Samiti,SUNDARPAHARI,ChIJkUwwkGI98TkRRwj57_WSjx8,ChIJ1TwqKtKO8DkRy-Sqjmvuvq8
254,Deoghar,Bazar Samiti,BHADARIA,ChIJkUwwkGI98TkRRwj57_WSjx8,ChIJ12z18eVi8DkR9IMICi-ICo4
255,Deoghar,Bazar Samiti,GANDHI GRAM,ChIJkUwwkGI98TkRRwj57_WSjx8,ChIJ-wlUy0hg8DkRMeGBYE1QCFI
256,Deoghar,Bazar Samiti,PATHARGAMA,ChIJkUwwkGI98TkRRwj57_WSjx8,ChIJebsUwxBh8DkRjBgq-2qaaO4
257,Deoghar,Bazar Samiti,MOHANPUR,ChIJkUwwkGI98TkRRwj57_WSjx8,ChIJ560da4EY8TkRY-aNYmXyJug
258,Deoghar,Bazar Samiti,MAHAGAMA,ChIJkUwwkGI98TkRRwj57_WSjx8,ChIJyX2OBQZl8DkRUd4RwwUQBiE
259,Deoghar,Bazar Samiti,KECHUA CHOWK,ChIJkUwwkGI98TkRRwj57_WSjx8,ChIJoY8HVMRl8DkRoAOVpruiEiQ
260,Deoghar,Bazar Samiti,PARSA BAZAR,ChIJkUwwkGI98TkRRwj57_WSjx8,ChIJ4Tm6-sSn8jkRLRt8FPBQFK0
261,Deoghar,Bazar Samiti,MAHESHPUR,ChIJkUwwkGI98TkRRwj57_WSjx8,ChIJq-6sumsT-jkRPm4OVX8BCWw
262,Deoghar,Bazar Samiti,BASANTRAI,ChIJkUwwkGI98TkRRwj57_WSjx8,ChIJ-Ry_YsBd8DkRLSqNKqc8_Sw
263,Deoghar,Bazar Samiti,HANWARA,ChIJkUwwkGI98TkRRwj57_WSjx8,ChIJn90IUh1o8DkRhzZ9J9Y-FM4
264,Deoghar,Bazar Samiti,NARAINI,ChIJkUwwkGI98TkRRwj57_WSjx8,ChIJO8SDCg1o8DkR2d0Rh7Jf0-c
265,Deoghar,Bazar Samiti,DIGGI,ChIJkUwwkGI98TkRRwj57_WSjx8,ChIJG-BUzVlo8DkRx0CoqC34E0c
266,Deoghar,Bazar Samiti,SRIMATPUR,ChIJkUwwkGI98TkRRwj57_WSjx8,
267,Deoghar,Bazar Samiti,LALMATIA,ChIJkUwwkGI98TkRRwj57_WSjx8,ChIJr2uXTEJl8DkRFpJCkxCVPqk
268,Deoghar,Bazar Samiti,LOHANDIA,ChIJkUwwkGI98TkRRwj57_WSjx8,ChIJl9UEC0ll8DkRKTdHYbpWwS4
269,Deoghar,Bazar Samiti,MARPA,ChIJkUwwkGI98TkRRwj57_WSjx8,ChIJ880XnxBv8DkRaJD4-CaDFqE
270,Deoghar,Bazar Samiti,BELWARA,ChIJkUwwkGI98TkRRwj57_WSjx8,ChIJ_TUH0p7o8DkRRN3OgCxhOyE
271,Deoghar,Bazar Samiti,SHIKHARIPARA,ChIJkUwwkGI98TkRRwj57_WSjx8,ChIJN8KLLkGp8DkR0hwuEzp9txA
272,Deoghar,Bazar Samiti,ASANBANI,ChIJkUwwkGI98TkRRwj57_WSjx8,ChIJj5pGUbGs8DkR0EHR0kfDE8g
273,Deoghar,Bazar Samiti,RAWESHWAR,ChIJkUwwkGI98TkRRwj57_WSjx8,
274,Deoghar,Bazar Samiti,MASANJOR,ChIJkUwwkGI98TkRRwj57_WSjx8,ChIJbX1y865M9zkR5QnnBrosYXc
275,Deoghar,Bazar Samiti,MASALIA DUMKA,ChIJkUwwkGI98TkRRwj57_WSjx8,ChIJherALh3L8DkRfsPgiEsjlH0
276,Deoghar,Bazar Samiti,KATHIKUND,ChIJkUwwkGI98TkRRwj57_WSjx8,ChIJNawEBVOk8DkRjmhKl3sQUkk
277,Deoghar,Bazar Samiti,JARMUNDI,ChIJkUwwkGI98TkRRwj57_WSjx8,ChIJa_IMb1Hb8DkRfhEIfLSmxFc
278,Deoghar,Bazar Samiti,BASHUKINATH,ChIJkUwwkGI98TkRRwj57_WSjx8,ChIJYyKsqqPE8DkRQV46RaRonDI
279,Deoghar,Bazar Samiti,JAMA,ChIJkUwwkGI98TkRRwj57_WSjx8,ChIJBa-3anbH8DkRwtOqp2qaqec
280,Deoghar,Bazar Samiti,MAHARO,ChIJkUwwkGI98TkRRwj57_WSjx8,ChIJSZA8-fDH8DkRM8IvyjKK-RY
281,Deoghar,Bazar Samiti,DUMKA,ChIJkUwwkGI98TkRRwj57_WSjx8,ChIJZYAp3qm38DkRMJRYJdomYZE
282,Deoghar,Bazar Samiti,BARAPALASI,ChIJkUwwkGI98TkRRwj57_WSjx8,ChIJz3XQVx7H8DkRHQK7O2GKIuA
283,Deoghar,Bazar Samiti,GOPIKANDAR,ChIJkUwwkGI98TkRRwj57_WSjx8,ChIJM4VDlT6h8DkR78_-L1k0Mmo
284,Deoghar,Bazar Samiti,AMRAPARA,ChIJkUwwkGI98TkRRwj57_WSjx8,ChIJz87shDd1-jkRlBNvGrbhfac
285,Deoghar,Bazar Samiti,LITTIPARA,ChIJkUwwkGI98TkRRwj57_WSjx8,ChIJnYgipf95-jkRgMNcSoSMPNw
286,Deoghar,Bazar Samiti,HIRANPUR,ChIJkUwwkGI98TkRRwj57_WSjx8,ChIJPbD9SUVl-jkRIHIistqcQNg
287,Deoghar,Bazar Samiti,DHARAMPUR,ChIJkUwwkGI98TkRRwj57_WSjx8,ChIJMXWpBJ6T8zkR8X4AfVsRu9A
288,Deoghar,Bazar Samiti,PAKUR,ChIJkUwwkGI98TkRRwj57_WSjx8,ChIJiU_0Adxp-jkRor5xko-FEms
289,Deoghar,Bazar Samiti,PAKURIA,ChIJkUwwkGI98TkRRwj57_WSjx8,ChIJcydupm4P-jkR0z2y6YP5D2k
290,Deoghar,Bazar Samiti,Maheshpur(P),ChIJkUwwkGI98TkRRwj57_WSjx8,ChIJq-6sumsT-jkRPm4OVX8BCWw
291,Deoghar,Bazar Samiti,BARHARWA(SAHIBGANJ),ChIJkUwwkGI98TkRRwj57_WSjx8,ChIJNefIrCZi-jkRqu9PINEK8qU
292,Deoghar,Bazar Samiti,GUMANI(SAHIBGANJ),ChIJkUwwkGI98TkRRwj57_WSjx8,ChIJLzTNu01h-jkREnLEk5fPwvE
293,Deoghar,Bazar Samiti,KOTAL POKHAR(SAHIBGA,ChIJkUwwkGI98TkRRwj57_WSjx8,ChIJOWluMapn-jkRAksx4wUFxqk
294,Deoghar,Bazar Samiti,UDHWA(SAHIBGANJ),ChIJkUwwkGI98TkRRwj57_WSjx8,ChIJzepwAxWL-jkR-IbFLMedvZQ
295,Deoghar,Bazar Samiti,PATHNA(SAHIBGANJ),ChIJkUwwkGI98TkRRwj57_WSjx8,ChIJI1E-VDJi-jkRDyEcRGji5QI
296,Deoghar,Bazar Samiti,BARHAIT(SAHIBGANJ),ChIJkUwwkGI98TkRRwj57_WSjx8,ChIJqyG8JKaA-jkRfJ3jJKfNHpM
297,Deoghar,Bazar Samiti,BORIO(SAHIBGANJ),ChIJkUwwkGI98TkRRwj57_WSjx8,ChIJE8lbtAiD-jkR9rmCE-xEtNM
298,Deoghar,Bazar Samiti,MANDRO(SAHIBGANJ),ChIJkUwwkGI98TkRRwj57_WSjx8,ChIJEY7Dd0N28DkRiBZRop8Wp2A
299,Deoghar,Bazar Samiti,RAJMAHAL(SAHIBGANJ),ChIJkUwwkGI98TkRRwj57_WSjx8,ChIJ_UuZgT6N-jkRqHfojIXMv00
300,Deoghar,Bazar Samiti,TINPAHAR(SAHIBGANJ),ChIJkUwwkGI98TkRRwj57_WSjx8,ChIJxX0ln9-O-jkRkwRBLQfXxZU
